Name,AAV,catcher,Age,WAR_2_sum,wRC+,xSLG,wOBA_2,xSLG_2,HR_2_sum,R_2_sum,RBI_2_sum,WPA_2_sum,Off_2_sum
Shohei Ohtani,35.12280702,False,29,10.151636463364525,179.58365877757024,0.638,0.3696245233888275,0.549,78,192,190,6.240769386291504,89.39589580153529
Cody Bellinger,26.66666667,False,28,5.780272472003218,134.2838428649415,0.434,0.2840438552336259,0.354,45,165,165,1.1379586458206177,18.27222849840056
Teoscar Hernandez,23.5,False,31,4.7224643750164175,104.70541201675069,0.476,0.3477533647947222,0.501,51,141,170,-0.38811713457107544,17.9410327796872
Matt Chapman,18.0,False,31,6.931136106892599,110.04328643945324,0.457,0.3307340100888283,0.44,44,149,130,-1.107047125697136,19.770645291259203
Rhys Hoskins,17.0,False,31,4.732509754275641,122.32801732511328,0.445,0.3451719399536064,0.445,30,81,79,2.942371368408203,29.668725824445644
Jeimer Candelario,15.0,False,30,3.0832282026302353,116.9956835226221,0.407,0.2771916829465284,0.379,35,126,120,0.737280666828156,-0.7379311640372581
Jorge Soler,14.0,False,32,2.3525645410578786,126.47221958841956,0.532,0.3048477006193839,0.421,49,109,109,1.2255620956420896,13.081701841913905
Lourdes Gurriel Jr.,14.0,False,30,3.595981998250101,105.69488667896208,0.439,0.3266683974722495,0.4,29,117,134,0.432600475847721,9.479559655437182
Justin Turner,13.0,False,39,3.3559215911580695,114.44535169097534,0.444,0.3427699371021795,0.427,36,147,177,3.580430269241333,16.076544987009807
Joc Pederson,12.5,False,32,3.2031152784945984,110.7119206497869,0.481,0.3732042316780534,0.502,38,116,121,4.357508182525635,28.72451875429734
J.D. Martinez,12.0,False,36,3.86187039345703,135.11857513009645,0.553,0.3429882992999722,0.471,49,137,165,1.192612648010254,29.838720057053198
Mitch Garver,12.0,True,33,2.1960539812165,138.01941335321527,0.493,0.3082632918690526,0.405,29,68,74,1.426215972751379,12.647772982767503
Harrison Bader,10.5,False,30,2.524594994761463,70.04272125825003,0.375,0.2862703008011888,0.317,12,82,70,-0.6772675439715385,-9.585511152769321
Kevin Kiermaier,10.5,False,34,3.7782904624374374,104.2588999269368,0.354,0.2861614488908068,0.388,15,86,58,0.1858676970005036,5.464927994752118
Jason Heyward,9.0,False,34,1.9641859200422453,120.62349753346516,0.405,0.2534994427731495,0.322,16,71,50,-1.3965920805931091,1.5186753293188886
Whit Merrifield,8.0,False,35,2.658272386161859,93.2305542254624,0.335,0.2943602772192522,0.356,22,136,125,0.3578298687934876,-9.631454426403174
Isiah Kiner-Falefa,7.5,False,29,2.2317602014524525,81.67684055733173,0.348,0.2851709937641375,0.333,10,105,85,-0.3267969489097595,-13.079228880044843
Hunter Renfroe,6.5,False,32,2.7628086263835008,92.3287735310696,0.366,0.3465478422554471,0.438,49,122,132,-1.5727098956704137,5.732043460118721
Victor Caratini,6.0,True,30,2.5669314977439646,94.29095281855186,0.377,0.2887725870196636,0.35,16,49,59,-0.6242382228374481,-12.082040321262388
Carlos Santana,5.25,False,38,2.3039911900952497,100.9093051890021,0.378,0.3079978416836451,0.438,42,130,146,1.6815277040004732,1.1647094795610413
Andrew McCutchen,5.0,False,37,1.8677901666690657,115.21518413260164,0.409,0.3090147267969161,0.406,29,121,112,0.9825448244810104,3.3223057406853664
Joey Gallo,5.0,False,30,0.9104767288911018,103.83814087100198,0.399,0.2859921860985639,0.371,40,87,87,-2.735308438539505,-5.514121477318685
Tim Anderson,5.0,False,31,2.041175156551354,60.01274958989028,0.335,0.3227938875130244,0.432,7,102,50,-4.786395251750946,-15.438881330194123
Adam Frazier,4.5,False,32,1.587050444083691,92.95081705538963,0.361,0.2736239256571285,0.339,16,120,102,-1.3737916946411133,-14.344909441105198
Michael A. Taylor,4.5,False,33,3.8146310949892115,95.5073945042369,0.433,0.2972971061777963,0.358,30,97,94,-1.2123893648386002,-4.305100826260222
Martin Maldonado,4.25,True,37,-0.1332574212845712,66.33772201004588,0.357,0.2643042187690735,0.325,30,73,81,-4.238761782646179,-33.87632340392129
Austin Hedges,4.0,True,31,1.0413919533228784,23.87438912773449,0.289,0.224976443662876,0.261,8,40,46,-3.5342703759670258,-42.18427424058069
Enrique Hernandez,4.0,False,32,-0.7099313574454451,72.25067142135694,0.337,0.2797958452013594,0.357,17,105,106,-1.4922379553318024,-28.350468692147118
Tucker Barnhart,3.25,True,33,0.3906126841610656,53.40948458125319,0.229,0.2531008935906599,0.264,2,22,25,-2.494478225708008,-22.834636799687303
Rowdy Tellez,3.2,False,29,0.28851024100187406,78.1694442332866,0.374,0.3269523086184162,0.479,48,93,136,-1.064176321029663,-9.392519308475704
Adam Duvall,3.0,False,35,2.3237224549071467,115.65392223488551,0.436,0.2952282627423604,0.395,33,84,94,0.5275776237249374,2.427510235874701
Gary Sanchez,3.0,True,31,3.0922103090793467,111.21065225842555,0.502,0.290182284109152,0.439,35,75,108,-0.8929771855473518,-4.096323439921074
Yasmani Grandal,2.5,True,35,-0.5077249966125609,79.58613043909884,0.332,0.2631025317509969,0.319,13,48,60,-3.552180290222168,-31.386438984386224
Brandon Crawford,2.0,False,37,2.5156272869180203,63.31809096291998,0.379,0.2888597556522914,0.339,16,81,90,-0.4911520630121231,-21.061117532709034
Brian Anderson,2.0,False,31,0.5439109146733232,85.4397836485272,0.391,0.2931786151382867,0.379,17,81,68,-3.363023519515991,-14.013028560468472
Daniel Vogelbach,2.0,False,31,1.5898680790635549,108.80212664913752,0.401,0.3490509951815885,0.428,31,80,107,-0.181746818125248,10.915583736048513
Garrett Hampson,2.0,False,29,0.370130691177705,101.15606741194082,0.329,0.2667162506569661,0.29,5,59,38,-0.9740426987409593,-7.310929439977586
Jacob Stallings,2.0,True,34,-0.5284052238272475,56.542088481946685,0.302,0.2653667895663189,0.312,7,47,54,-4.124885320663452,-35.7813975625735
Joey Wendle,2.0,False,34,0.39418437376530724,46.81042974086094,0.326,0.28871288186795,0.331,5,60,52,-1.850235089659691,-25.29421515536014
Nick Senzel,2.0,False,29,-1.130547968354683,82.50401582895489,0.367,0.2716979113359614,0.355,18,94,67,-2.660087436437607,-23.552723904383196
Randal Grichuk,2.0,False,32,0.8130943224439301,100.1718015519632,0.425,0.3146711326443129,0.37,35,125,117,-2.205251395702362,-9.540296698813787
Paul DeJong,1.75,False,30,0.5441693639584402,65.89676121758208,0.361,0.2406712669863479,0.327,20,60,63,-3.41924324631691,-32.81287781944691
Travis Jankowski,1.7,False,33,0.9622225933771993,95.087744593273,0.31,0.2216378385201096,0.23,1,45,32,-0.6457563806325196,-1.9271720074880978
Amed Rosario,1.5,False,28,3.572336939889472,88.38125956079479,0.38,0.3112506603127095,0.396,17,156,129,-1.096268940716982,1.9410416021420822
Garrett Cooper,1.5,False,33,1.7981844521323085,95.85178472707152,0.43,0.3300592169832827,0.436,26,79,111,-0.4794714916497469,0.14776072645245808
Gio Urshela,1.5,False,32,3.1218771949720328,91.8874933959258,0.361,0.3323978880498361,0.416,15,83,88,0.5303531736135483,6.06896313152499
Jesse Winker,1.5,False,30,-0.2535639997589122,65.42951907534732,0.296,0.3126926406835898,0.403,15,67,76,0.8648834377527237,-8.122752860598302
Ehire Adrianza,1.0,False,34,-0.8244716695772891,-73.86748697715771,0.147,0.2223158050667155,0.288,0,8,7,-1.1751340031623838,-10.204321436372457
Jurickson Profar,1.0,False,31,0.807570251567798,76.19754465500937,0.349,0.3202290915350878,0.359,24,137,104,-2.082033693790436,-9.747043636418237
Aaron Hicks,0.74,False,34,1.9493661740352002,109.4611516438694,0.304,0.2922387125762905,0.336,16,98,76,-2.3461600542068486,0.7726420783959655
Matt Carpenter,0.74,False,38,2.0062637074566987,86.49620818019119,0.334,0.4716416569916825,0.484,20,46,68,-0.2403634488582611,15.344073640655555
Rafael Ortega,0.74,False,33,0.8702993604605074,82.92405210101137,0.269,0.3048001199717093,0.346,8,51,43,-0.5819899141788483,-6.3670719590311196
Curt Casali,0.72,True,35,0.20793387398452556,39.94178343186695,0.287,0.29509694671089,0.325,5,28,23,-0.29854768514633173,-9.294027820170253
Aaron Judge,39.76929316,False,31,16.722509178010633,208.508611114164,0.706,0.3870445378419903,0.594,101,222,229,12.385554790496826,124.93844171165148
Carlos Correa,33.141077630019225,False,28,10.93246686582481,140.07451385978587,0.484,0.3635857092175737,0.482,48,174,156,3.113637924194336,48.03745529808624
Trea Turner,27.115427151833916,False,30,13.512323487611926,128.27652748241826,0.432,0.3861617553308143,0.485,49,208,177,5.709439694881439,72.42449513436377
Xander Bogaerts,25.307732006389852,False,30,10.11301953587147,133.1364424312978,0.383,0.3680432034213213,0.468,38,174,152,2.2099015712738037,48.47779509620356
Dansby Swanson,25.139874608975283,False,29,9.840919281058266,116.15397480210652,0.461,0.3224367261116887,0.455,52,177,184,1.0812423825263977,17.78899549135469
Jason Heyward,21.873111238,False,33,-0.2923107902143323,61.13752384252891,0.322,0.2745501864701509,0.367,9,50,40,-3.065978765487671,-19.6732209376259
Brandon Nimmo,20.13320466225,False,30,8.722424759534915,132.57349172109593,0.403,0.3690706718092163,0.386,24,153,92,3.049859404563904,45.5973019303306
Anthony Rizzo,19.88464658,False,33,4.8106435253252915,133.77652203709513,0.454,0.3388930982828971,0.434,54,150,136,3.6692375168204308,26.953266409552604
Joc Pederson,19.53666526485,False,31,2.701093790828688,145.7769753124549,0.502,0.3153147392610007,0.441,41,112,131,3.4269239604473114,19.325093779452413
Jose Abreu,19.3875304155,False,36,6.520831357144502,137.08213340319938,0.486,0.3539355836990403,0.457,45,171,192,3.240102767944336,43.88979168303718
Cody Bellinger,17.3990657575,False,27,0.44178017876300824,83.4383382775689,0.354,0.2368057161227039,0.358,29,109,104,-2.6446763277053833,-29.858706361658804
Willson Contreras,17.3990657575,True,31,6.038472116503053,131.83583041166548,0.463,0.3370551312365472,0.448,43,126,112,0.8329500332474709,21.750291466738503
Josh Bell,16.4048334285,False,30,4.255288677323474,123.30846763344996,0.424,0.3518230038902363,0.488,44,153,159,0.6942685842514038,22.48603288183997
Andrew Benintendi,14.913484935,False,28,3.615507567941899,121.68646960570992,0.407,0.3281785274129118,0.456,22,117,124,1.8625725805759432,10.785224717711696
Mitch Haniger,14.4163687705,False,32,3.0934920041065737,112.5568776730346,0.447,0.3398648047135773,0.492,50,141,134,3.2657968997955322,17.926850910542726
Michael Brantley,11.930787948,False,36,3.1957095974560983,127.3308248247586,0.467,0.3465252262365653,0.466,13,96,73,0.5081152319908142,19.419780927766553
Joey Gallo,10.936555619,False,29,4.34501628207213,86.13999850909812,0.371,0.3484881172984009,0.46,57,138,124,-1.435575356706977,10.67153434715599
Justin Turner,10.78742076965,False,38,6.356865675068997,123.59372303637852,0.427,0.3584584999902576,0.47,40,148,168,4.275736689567566,28.104586464634167
Christian Vazquez,9.94232329,True,32,2.915210075955067,99.03770809552005,0.375,0.2893206029830564,0.337,15,92,101,-1.694193884730339,-23.165569215050667
J.D. Martinez,9.94232329,False,35,4.176376468561091,118.93386421971772,0.471,0.3639720859900235,0.533,44,168,161,0.8004200458526611,28.584610698813567
Brandon Belt,9.2463606597,False,35,3.68276066502527,97.97777235122408,0.412,0.4062625770531003,0.525,37,90,82,0.19354462623596191,26.565804655944476
Kevin Kiermaier,8.948090961,False,33,3.8127635171163763,89.56847313782941,0.388,0.3102819656895608,0.32,11,82,59,0.46072396822273737,4.837794888397835
Brandon Drury,8.4509747965,False,30,3.526290697023308,124.06944739312615,0.42,0.3333882235667922,0.348,32,94,101,2.286710202693939,14.498729683275617
Jean Segura,8.4509747965,False,33,5.574952017276342,105.025511089997,0.363,0.3375126980972968,0.396,24,121,91,0.06509464979171753,10.926857908995387
Adam Frazier,7.953858632,False,31,4.424064819090332,80.42242558007048,0.339,0.3405161488695475,0.376,8,144,85,-1.8715269714593887,-2.36533241931631
Jurickson Profar,7.70530054975,False,30,2.27928348947724,111.0221979848056,0.359,0.2931788875596156,0.323,19,129,91,-1.7258087396621704,1.1069793879239684
Omar Narvaez,7.4567424675,True,31,4.062806560805597,70.75112948522315,0.293,0.3222045925407927,0.369,15,75,72,-0.7020654529333114,-12.154896775278138
Wil Myers,7.4567424675,False,32,3.5014341549042545,104.5757734930183,0.373,0.3304205283103698,0.37,24,85,104,0.1301324814558029,9.337643669797329
Aledmys Diaz,7.20818438525,False,32,2.2357564145019544,96.2862250334454,0.396,0.3107811740682095,0.411,20,63,83,-0.1637898795306683,-5.531259924167476
Adam Duvall,6.959626303,False,34,3.161892418897938,87.29289516286612,0.395,0.3242618534108792,0.499,50,106,149,0.506459578871727,-5.97431099797212
AJ Pollock,6.959626303,False,35,3.6667532369546323,91.9057403341452,0.419,0.3748424556551938,0.499,35,114,125,0.32983537390828127,13.558822307758238
Carlos Santana,6.686212412525,False,37,0.05877168682122802,101.14816765841964,0.438,0.2939095053730941,0.421,38,118,129,0.45040622353553794,-18.58069022597343
David Peralta,6.4625101385,False,35,3.296802979385367,104.5466729813058,0.399,0.3141671168469937,0.345,20,96,122,1.4849949777126312,0.937897085170524
Matt Carpenter,5.965393974,False,37,2.0931539195009243,218.00067030960236,0.484,0.2688577021321943,0.425,18,46,58,-0.09277763962745667,10.366356785531444
Mike Zunino,5.965393974,True,32,3.801210181577131,42.238686589480885,0.329,0.3584973629315694,0.532,38,71,78,0.18856433033943182,7.0654492277805065
Tommy Pham,5.965393974,False,35,1.6075019992240565,90.11951106172825,0.383,0.3182356376801767,0.438,32,163,112,-2.394385267049074,-5.22256194876264
Andrew McCutchen,4.9711616450000005,False,36,2.000125646274581,97.90513293180776,0.406,0.3346588768950709,0.431,44,144,149,0.42995820939540863,3.8269951184974493
Austin Hedges,4.9711616450000005,True,30,0.2948000262080053,43.90586588752468,0.261,0.2271399896003698,0.287,17,58,61,-2.6979990005493164,-44.632428733766844
Jeimer Candelario,4.9711616450000005,False,29,3.8184910610450697,78.37216297561466,0.379,0.3443679286956787,0.462,29,124,117,-1.045991063117981,2.788446340012822
Jace Peterson,4.72260356275,False,33,2.9398404755204,95.79371198525438,0.362,0.3183866658352858,0.368,14,80,65,-0.004216343164444025,3.618101345101306
Evan Longoria,3.976929316,False,37,3.403931365908386,116.17168286863698,0.437,0.3519298604556492,0.486,27,76,88,0.7403445094823837,11.19616932198371
Brian Anderson,3.4798131515,False,30,1.2892504489755585,86.85396419723372,0.379,0.3143192063306124,0.374,15,67,56,-1.058279812335968,-6.443764022808271
Curt Casali,3.23125506925,True,34,0.8047020794990543,93.04840616383652,0.325,0.2891175237904608,0.33,10,40,43,-0.7289936244487761,-8.285325767223414
Tucker Barnhart,3.23125506925,True,32,1.7518100118999085,61.36457139069274,0.264,0.3003848557016338,0.313,8,57,64,-2.528385579586029,-24.92773787116508
Elvis Andrus,2.982696987,False,34,5.182718271712842,104.57803026273498,0.36,0.2697426960317056,0.375,20,126,95,-1.3054520785808568,-5.6781869231673685
Jesus Aguilar,2.982696987,False,33,0.630507439928274,83.71657712321833,0.393,0.3337548006318524,0.453,38,88,144,2.2814370468258858,-9.975380262873168
Kevin Pillar,2.982696987,False,34,0.5512092554182022,-8.205782125093993,0.364,0.2969327225465252,0.372,15,41,47,-0.009300678968429621,-7.295658154421577
Corey Dickerson,2.23702274025,False,34,1.4872711712232036,96.08894576079804,0.371,0.3172996324169767,0.37,12,71,65,-1.7437321543693542,-2.102174705278067
Dominic Smith,1.988464658,False,28,-1.2758757607224562,65.12806667026108,0.36,0.2906717699316999,0.42,11,54,75,-0.6466372609138489,-18.01438666129934
Donovan Solano,1.988464658,False,35,1.9566334967925343,99.75734574962796,0.393,0.3243931351868638,0.432,11,57,55,0.10178345441818248,-0.3770671576429685
Franmil Reyes,1.988464658,False,27,0.7539910389559658,80.95078273455569,0.358,0.3542565390564196,0.512,44,100,132,-1.219836249947548,1.2913296328250805
Luke Voit,1.988464658,False,32,0.9813532891097472,102.77456124508927,0.434,0.3321184812739677,0.497,33,81,104,-0.5331308543682098,0.2357523518401008
Robbie Grossman,1.988464658,False,33,2.5116206663272513,81.36043375806224,0.305,0.3374488178316179,0.399,30,128,112,1.4414071440696716,4.2970624740280865
Matt Duffy,1.4913484935,False,32,1.1688461364190987,78.05817772237059,0.333,0.3270075889477818,0.385,7,59,46,-0.8535490334033966,-3.9599545326290033
Hanser Alberto,1.2925020277,False,30,0.03999185858443227,73.54514074683705,0.304,0.2962817219624006,0.384,4,38,39,0.19604214280843738,-9.838897058320285
Jake Lamb,1.24279041125,False,32,-0.016876443741196297,105.0207589038596,0.39,0.2977516815942876,0.393,10,38,25,-0.6948721855878829,-2.573037503176623
Travis Jankowski,1.24279041125,False,32,0.5746251960435405,43.081661801275104,0.23,0.312416752576828,0.286,1,35,12,-0.5859236493706703,-2.388552467321475
Yuli Gurriel,1.24279041125,False,39,2.4659720254846924,84.81286572242468,0.319,0.3632308445364286,0.386,23,136,134,-0.3332921266555784,14.347264225974524
Adam Engel,0.994232329,False,31,1.2289296073058986,62.91715739130828,0.287,0.3544630229473114,0.44,9,53,35,0.15686608850955971,-3.7649052100812463
Ehire Adrianza,0.994232329,False,33,-0.010829256804127274,38.31457609055858,0.288,0.3163744500623299,0.37,5,40,35,-1.0959407985210419,-8.876062125534878
Nelson Cruz,0.994232329,False,42,1.3497881497573072,85.82999115065681,0.399,0.3462238475941775,0.512,42,129,150,1.4905928522348404,3.8469921748675517
Jackie Bradley Jr.,0.8948090961,False,33,-1.9350613785704098,56.00313276501634,0.33,0.2240086437385773,0.29,10,69,67,-5.440157055854797,-52.06546234439277
Rougned Odor,0.7953858632,False,29,1.663696212425151,81.78221455678857,0.339,0.2894855043408591,0.374,28,91,92,-0.561532586812973,-15.423339296532198
Bradley Zimmer,0.7158472768799999,False,30,1.0681365235315425,26.98894946240084,0.268,0.2997936659503257,0.371,10,62,40,-0.4943281784653663,-12.626044497327511
Johan Camargo,0.7158472768799999,False,29,-0.1343826937042984,74.73840848720285,0.309,0.0768573946423,0.132,3,9,15,-1.1610461175441742,-9.42511575177038
Carlos Correa,38.509351030800005,False,27,10.166502254794713,132.95456314337574,0.482,0.3804016536641343,0.552,47,146,151,2.854670286178589,41.66853244866574
Corey Seager,35.65680651,False,28,7.382356134321753,146.26629338533422,0.53,0.3403257728730879,0.459,35,136,144,4.313405990600586,35.32778423592069
Freddie Freeman,29.622577716,False,32,9.149507858588905,135.99503371937433,0.583,0.3870845880802507,0.569,69,233,204,8.318028211593628,67.1053301425065
Kris Bryant,28.525445208,False,30,7.481798671904935,124.3297865166277,0.449,0.3794689480727318,0.463,56,194,150,5.717759609222412,49.56379767638745
Marcus Semien,27.428312700000003,False,31,12.450768899303135,130.94209004165356,0.459,0.3725865506485805,0.495,78,238,194,3.65116286277771,65.43627103047591
Javier Baez,25.59975851634289,False,29,9.70219671087833,116.63502616195356,0.45,0.3471013933526999,0.5,60,169,172,1.920174956321716,26.583937410464966
Trevor Story,25.59975851634289,False,29,8.202843561805704,97.97500933240296,0.45,0.380253602455302,0.464,59,199,160,1.0192502960562704,21.898723270518712
Nick Castellanos,21.94265016,False,30,5.919015467977481,140.28213426297262,0.535,0.3574563472519093,0.54,61,195,173,5.015820860862732,47.20929063482968
Kyle Schwarber,21.668367033000003,False,29,4.802477154518898,145.2543943368363,0.565,0.3569480209311177,0.555,70,158,163,3.3611685633659363,36.97302283547178
Starling Marte,21.394083906,False,33,8.833350358606646,131.97125607507425,0.438,0.3527712786177215,0.507,35,186,137,4.384064495563507,48.86514734443621
Brandon Belt,20.1872381472,False,34,4.135263406136018,158.60968534952224,0.525,0.3191121344076284,0.457,46,141,116,1.748090237379074,22.63000664968942
Anthony Rizzo,17.554120128,False,32,5.794725456035579,113.9422550051265,0.434,0.3897227875521926,0.487,49,162,155,5.59210243076086,34.31783411461751
Chris Taylor,16.45698762,False,31,4.803558727083072,112.95861123556014,0.422,0.3309794721218659,0.383,32,144,125,2.5739071369171143,21.191413610094028
Nelson Cruz,16.45698762,False,41,6.431684140728912,123.01302908286998,0.512,0.4173317082459107,0.637,73,160,194,4.043097034096718,53.258934724552496
Avisail Garcia,14.537005731,False,31,4.230771482561149,115.4663217888774,0.514,0.3341906653209166,0.492,49,129,158,1.2954996451735497,15.632248980471017
Mark Canha,14.537005731,False,33,6.905617743079969,115.98314172873634,0.378,0.385585933322868,0.465,43,173,119,2.411110758781433,41.904044553012206
Rougned Odor,13.494729848400002,False,28,2.1405515915435154,84.05466908628568,0.374,0.30160512695263,0.464,45,119,132,-3.0118229985237117,-23.86036192995874
Jorge Soler,13.165590096,False,30,3.4725100942148295,99.68538774843468,0.494,0.3783660905676469,0.595,75,169,187,2.509009838104248,25.90711671484243
Eduardo Escobar,10.97132508,False,33,5.20856066223844,107.93560330532036,0.453,0.3411071463220421,0.464,63,171,208,0.5555391311645507,12.985580088032927
Eddie Rosario,9.874192572,False,30,2.216029456780997,99.7931916559203,0.427,0.3285879954999807,0.494,46,133,171,1.4385581314563751,3.6244152724784993
Robinson Chirinos,9.874192572,True,38,3.1818744124968408,110.35344403847836,0.362,0.336414320952332,0.391,22,70,73,-0.7836033850908279,4.998187384831903
Andrew McCutchen,9.325626318,False,35,2.560760517954777,107.93689283349292,0.431,0.3584124056892541,0.443,37,123,109,1.7375572323799133,13.705264469674352
Tommy Pham,8.22849381,False,34,4.370772256214176,102.81824303429406,0.438,0.3488893591440641,0.455,36,151,117,0.6692901365458964,24.290466568846938
Yan Gomes,7.131361302,True,34,3.082885764604623,93.78717714998167,0.469,0.2981536061587659,0.391,26,85,95,-0.35756485164165497,-12.664864320762632
Joc Pederson,6.582795048,False,30,3.082763648856962,95.88059946952878,0.441,0.3617369424318895,0.479,54,138,135,2.7112687528133392,13.90336626169766
Jonathan Villar,6.582795048,False,31,5.41196880622587,103.08441889751062,0.388,0.3353922912004795,0.412,42,174,115,-0.3948822170495987,15.685256322356596
Josh Harrison,6.034228794000001,False,34,1.4399447616599548,104.21046316325987,0.42,0.2082279511049491,0.401,9,68,68,-2.5102275609970093,-14.104552836617302
Leury Garcia,6.034228794000001,False,31,2.8082683695058286,96.45611946173727,0.336,0.294442244868302,0.351,13,153,94,-2.3905422687530518,-11.261288377315093
Kole Calhoun,5.705089041600001,False,34,1.80210677991752,80.69252748462362,0.384,0.3299110673176936,0.471,38,109,91,0.288155511021614,-1.460298035915435
Brad Miller,5.48566254,False,32,1.7899480200163485,105.81759774164634,0.46,0.367698521824444,0.519,33,79,74,0.2973055467009544,8.072811796739185
Corey Dickerson,5.48566254,False,33,2.120933507988814,96.98137566153405,0.37,0.3667565980824557,0.473,18,76,88,0.19764934480190277,7.560388356490488
Jose Iglesias,5.48566254,False,32,3.61512524994304,89.45274237381709,0.366,0.3061242308680095,0.36,20,127,107,-0.5984104871749878,-20.356993342391572
Roberto Perez,5.48566254,True,33,4.139063537927359,58.14380937651256,0.39,0.3255884586548319,0.444,31,59,80,-0.232571840286255,-9.944000435174559
Donovan Solano,4.937096286,False,34,2.930313354496733,105.4014794754829,0.432,0.3456804412498809,0.45,11,62,54,2.1748382449150085,6.903508946945944
Andrelton Simmons,4.388530032,False,32,3.0658140462110053,57.99227685930693,0.281,0.2900887757328385,0.327,10,84,71,-4.695713400840759,-35.86519196319235
Cesar Hernandez,4.388530032,False,32,3.1738971252934265,91.43070733877688,0.386,0.3152883952739192,0.375,35,161,133,-0.9983542561531067,-14.139704468658863
Manny PiÃƒÂ±a,4.388530032,True,35,3.0876895309045853,95.53772427944796,0.441,0.3078825852174437,0.401,20,37,58,-1.9520948529243467,-5.5327786967607135
Albert Pujols,2.74283127,False,42,-0.2182761695594772,89.22240083277438,0.46,0.3083575453390093,0.428,40,84,143,-0.4906385540962219,-12.224050016811393
Niko Goodrum,2.3039782668,False,30,3.7446597735486193,79.43765081827148,0.381,0.3154945978440043,0.387,21,100,78,-2.549947738647461,-4.113958905445217
Matt Carpenter,2.194265016,False,36,1.3511296715405074,67.94102464731381,0.425,0.3148167735447466,0.403,18,77,67,-0.5245502553880215,-12.70708255219738
Pedro Severino,2.0845517652,True,28,-0.580304458831983,86.67763883896994,0.401,0.3159010929219863,0.443,24,69,90,-2.518508732318878,-14.10626159570933
Charlie Culberson,1.919981889,False,33,1.0410912190991088,81.49216070351825,0.321,0.3056012758841881,0.396,10,37,42,-2.491222858428955,-6.80054562958952
Kurt Suzuki,1.919981889,False,38,0.0875326278617618,74.8246531535434,0.31,0.3369748224685718,0.455,23,54,79,-0.1093519926071167,-7.766526217376527
Odubel Herrera,1.919981889,False,30,1.0896956552799115,93.45681804123154,0.378,0.2723839227244151,0.339,14,71,67,-0.5851600468158721,-11.67925829056409
Hanser Alberto,1.7554120128,False,29,2.452630930064236,82.57544517046128,0.384,0.3183417620458009,0.392,14,87,75,-1.0097401142120361,-7.973346756803052
Ehire Adrianza,1.645698762,False,32,1.2530619052835879,95.19856883139704,0.37,0.3262494154822775,0.392,10,66,50,0.1266391277313232,-1.1630852317970144
Matt Duffy,1.645698762,False,31,1.267325880801798,104.40653348439476,0.385,0.299265565956838,0.331,6,57,42,0.2705652788281441,-0.03733991252859692
Johan Camargo,1.5359855112,False,28,-0.936735653205664,-60.46723888175479,0.132,0.2785559761280916,0.363,7,32,32,-0.6255837976932526,-14.675756837390784
Jake Marisnick,1.4262722604000002,False,31,1.5447589149544778,79.58212957580967,0.294,0.296552444450439,0.332,15,67,58,-1.45863426476717,-8.775878224042703
Maikel Franco,1.371415635,False,29,-1.1868777863496769,61.869535984156194,0.344,0.28107096790393,0.42,28,79,103,-1.86745473742485,-38.193507313439625
Travis Jankowski,1.371415635,False,31,0.5806713237343857,93.48139511879415,0.286,0.2024590869744618,0.145,1,28,10,-0.1395981274545192,-2.0586534429300323
Marwin Gonzalez,1.2068457588,False,33,0.9160807487493288,56.539537738229264,0.334,0.3131732415739212,0.436,20,82,83,-0.9473420679569242,-22.556889815350505
Chris Owings,1.097132508,False,30,-0.692010940104212,156.37680684648362,0.413,0.1979299634695053,0.29,4,22,19,-1.5127222836017609,-17.043526182935942
Colin Moran,1.097132508,False,29,0.1850232197259944,96.07621601935074,0.391,0.3151599866354871,0.437,23,75,130,0.3937851786613462,-11.689856874007944
Brandon Drury,0.9874192572,False,29,0.2233468349263843,112.02768963453968,0.348,0.2709337271566626,0.423,19,50,55,-1.5718157887458801,-18.877552475960332
Jed Lowrie,0.9325626318,False,38,0.744776096884666,101.25332716599766,0.464,0.0862868130207061,0.096,14,55,69,1.7029724717140198,-2.711766103173231
Stephen Vogt,0.9325626318,False,37,0.7245674189100973,65.66868417501112,0.353,0.3313475603698402,0.485,17,54,65,-0.5397089570760726,-8.76894232503096
Anthony Rendon,41.567038695,False,30,12.275305842539744,154.77797651899814,0.59,0.3828550324448057,0.538,58,205,218,8.035818099975586,75.50242389572115
Josh Donaldson,27.315482571000004,False,34,6.30957728569461,131.01182498796396,0.53,0.3447630040107234,0.417,45,126,117,2.09855542331934,29.779773097271693
Yasmani Grandal,21.674241605250003,True,31,10.984789976420599,121.20375040254218,0.475,0.3517100045482701,0.438,52,144,145,1.1223435401916504,27.38180412750153
Marcell Ozuna,21.377334186,False,29,4.039524057864256,109.8974490718306,0.528,0.3265732498168945,0.492,52,149,177,1.5950469076633453,16.71145977284125
Jose Abreu,19.79382795395877,False,33,3.5765378710645295,115.4075094202096,0.517,0.3369449113969838,0.493,55,153,201,3.14067941904068,19.06320654378039
Mike Moustakas,19.002074832,False,31,4.671652819785663,112.9435999726167,0.503,0.3287358081530011,0.461,63,146,182,1.9165203273296356,7.978645911049084
Nick Castellanos,19.002074832,False,28,4.242769844940105,121.5570723648141,0.54,0.3629467824770118,0.525,50,188,162,5.365507960319519,41.22345724732462
Didi Gregorius,16.626815478,False,30,2.7835654652619457,83.72698297948217,0.402,0.3501653598473135,0.398,43,136,147,1.6221960186958313,9.41907092300875
Brett Gardner,14.8453709625,False,36,5.204608407602306,115.38157691655218,0.367,0.3048315573329768,0.334,40,181,119,0.9298584461212156,15.861460352036739
Edwin Encarnacion,14.251556124,False,37,3.582829129763561,129.86597058244325,0.52,0.3462311326422625,0.479,66,155,193,2.405198961496353,26.167986581522378
Avisail Garcia,11.876296770000002,False,29,2.856495947684749,113.16117037817986,0.492,0.3041516554884749,0.467,39,108,121,-0.7064738050103186,3.104203424858003
Corey Dickerson,10.39175967375,False,31,4.257111921392552,126.21483068421529,0.473,0.3405307286853826,0.45,25,98,114,0.5043080896139145,22.0235651801177
Kole Calhoun,9.501037416,False,32,2.4119004320219775,104.52251280859336,0.471,0.2832236761169572,0.447,52,163,131,0.4403057061135769,-11.056476068269085
Travis d'Arnaud,9.501037416,True,31,1.5080633903758394,99.61167520186706,0.454,0.2799637205898762,0.708,17,53,72,0.5832138992846012,-3.444718712436663
Jason Castro,8.13526328745,True,33,1.3062557174129499,103.4223892205344,0.517,0.2310303787927369,0.269,14,43,33,-1.5376717448234558,-7.4902309240363385
Robinson Chirinos,8.016500319750001,True,36,3.38494250857201,111.82498954986674,0.391,0.3333634951025108,0.394,35,105,123,1.4153273701667786,1.9398823636243447
Howie Kendrick,7.42268548125,False,36,3.679568290673946,146.59730577949088,0.614,0.3422043443475879,0.423,21,78,74,1.8428182303905487,22.443763054474463
C.J. Cron,7.244541029700001,False,30,3.5836252261096924,101.42772050815336,0.548,0.3469738247787653,0.483,55,119,152,-0.7821098566055296,12.452599982622873
Starlin Castro,7.125778062,False,30,5.256190885251805,91.02214511745936,0.435,0.3154226946904792,0.402,34,144,140,0.06108419597148898,-5.833156148330352
Cesar Hernandez,5.938148385000001,False,30,3.858062953886699,91.33872472220524,0.375,0.3201676591022594,0.351,29,168,131,0.8087295293807983,-5.832955793051999
Todd Frazier,5.938148385000001,False,34,3.196324535510578,107.12326760790856,0.408,0.3015524794341652,0.383,39,117,126,0.5023255869746208,-4.8344343583914275
Yan Gomes,5.938148385000001,True,32,3.4770449936902352,79.7641787647123,0.391,0.325529702816494,0.45,28,88,91,-0.3629361540079117,-11.072225572334514
Eric Sogard,5.344333546500001,False,34,2.3236400572944937,115.41601893475668,0.376,0.1942550207043553,0.277,13,66,42,-0.06399821490049362,-0.6397045546251334
Jonathan Schoop,5.344333546500001,False,28,3.0880255708423916,101.00439548093364,0.438,0.2897940173924687,0.352,44,122,120,-2.6601759791374207,-13.639309393636108
Kevin Pillar,5.0474261272500005,False,31,2.1831529614778633,84.11165483236024,0.411,0.3017872802885696,0.432,36,148,147,-1.6137597560882568,-15.480616092173676
Austin Romine,4.928663159550001,True,31,2.9776259233950046,95.59804208534288,0.427,0.3067445953687032,0.367,18,59,77,0.5548298358917236,-5.154998356765061
Alex Gordon,4.750518708,False,36,2.0784158020117545,95.4452454461912,0.422,0.3045649842378941,0.423,26,133,130,0.392050564289093,-14.017413389562499
Eric Thames,4.750518708,False,33,2.781414365322988,116.48828723191949,0.429,0.3298087446358952,0.445,41,108,98,3.4412684440612793,14.827840875176001
Travis Shaw,4.750518708,False,30,2.528751115169555,47.20444402920588,0.34,0.3506382092319686,0.46,39,95,102,-0.1713923215866089,-6.075944519056133
Martin Maldonado,4.1567038695,True,33,2.7008510055453057,75.61285270887723,0.387,0.2749123555510791,0.316,21,85,71,-3.6454520076513286,-31.509951220710484
Wilmer Flores,3.711342740625,False,28,2.2638046131770997,119.52215039691676,0.436,0.3162552504060424,0.363,20,74,88,0.0589720718562602,2.9690338821965145
Hunter Pence,3.562889031,False,37,0.5959179711869809,127.9995176020845,0.516,0.2544919636085448,0.338,22,72,83,1.729903906583786,3.495211213038365
Jose Iglesias,3.562889031,False,30,3.3644206299698647,81.61833578681559,0.36,0.3039928956559319,0.334,16,105,107,-0.16896158456802368,-18.938373321957943
Mitch Moreland,3.562889031,False,34,1.7799111264743606,112.19312322768246,0.494,0.3253684895565525,0.482,34,105,126,0.5524953603744507,2.9198804273347703
Stephen Vogt,3.562889031,True,35,1.5151542160501776,106.26768986921202,0.485,0.3313475603698402,0.485,22,55,80,-0.2115680128335952,3.94185557560624
Maikel Franco,3.5035075471500003,False,27,0.8526819163626983,68.92044775548102,0.42,0.3282831028819605,0.406,39,96,124,-0.05640226602554321,-17.728209566076956
Joe Panik,3.3847445794500004,False,29,0.7023072949692232,75.73224448405472,0.374,0.2796632077583332,0.378,9,88,63,-0.4613546133041381,-29.57564736109567
Jose Peraza,3.3847445794500004,False,26,2.7920296173093506,59.46076235513619,0.363,0.3190871818232643,0.383,20,122,91,-2.7168033719062805,-24.19577226388096
Asdrubal Cabrera,2.9690741925000004,False,34,5.06356220278316,97.9626169096752,0.408,0.3315261490453923,0.433,41,137,166,1.566300243139267,0.5565268409757644
Brad Miller,2.375259354,False,30,0.9882637943873174,126.52687662933764,0.519,0.3116622880513489,0.422,20,47,54,-0.46416186541318893,3.239128630521102
Francisco Cervelli,2.375259354,True,34,2.0091777840842466,72.69200344116109,0.348,0.354979109288451,0.413,15,54,69,0.4611438512802124,4.419460283368252
Jarrod Dyson,2.375259354,False,35,0.5111906534842428,68.4693306905035,0.294,0.2444436986898553,0.308,9,94,39,-1.7061805725097656,-22.838169906007685
Jedd Gyorko,2.375259354,False,31,1.4527238212893703,36.24570764702888,0.351,0.3327531887227623,0.397,13,55,56,0.9404376894235611,-5.492504923995969
Matt Wieters,2.375259354,True,34,0.1978040446426938,81.46666802285296,0.399,0.3078047932310497,0.386,19,39,57,-0.9851216077804565,-10.480293333798485
Ryan Zimmerman,2.375259354,False,35,1.4847753222335323,89.7352881033539,0.444,0.3512054157923467,0.507,19,53,78,0.006404399871826172,5.005417473304478
Cameron Maybin,1.7814445155,False,33,2.2316433891455327,127.72928573727658,0.453,0.294684317342295,0.374,15,80,60,-1.2581354975700376,3.3966499972471755
Domingo Santana,1.7814445155,False,27,0.7594023114635883,107.12521737684712,0.478,0.319139225105954,0.378,26,84,89,0.0346256047487259,3.592942713706001
Matt Joyce,1.7814445155,False,35,1.4249534263119448,127.39420842502884,0.438,0.2990257386808042,0.402,14,66,38,-0.12188440561294533,5.107396382938107
Adeiny Hechavarria,1.187629677,False,31,0.8149555360245089,93.78065739811872,0.385,0.2675461502105279,0.344,15,68,64,0.5005772560834882,-12.994359251269863
Guillermo Heredia,1.187629677,False,29,1.4596597937292821,83.84654920876523,0.345,0.2946572352539409,0.351,10,60,39,-0.1833602786064148,-9.803179119299951
Josh Phegley,1.187629677,True,32,-0.10132615704620469,82.57033490391706,0.371,0.2592670672080096,0.261,14,57,77,-0.9594520181417465,-14.018100238291542
Ryon Healy,1.187629677,False,28,-0.5998645907452889,94.456628327657,0.432,0.2962414533582352,0.442,31,75,99,-0.9698339551687241,-12.989416193764466
Steven Souza Jr.,1.187629677,False,31,-0.2853945213595824,84.44237353533602,0.388,0.299453215125729,0.388,10,42,58,-1.2677764892578125,-10.04114494031188
Brock Holt,0.6692293229895001,False,32,2.8015293051582812,102.52588083054437,0.349,0.3384353469495904,0.384,10,79,77,1.4043481200933456,0.6987353934140712
Manny Machado,35.66199825,False,26,8.990546305146939,140.78177841093927,0.517,0.3275159272911593,0.522,70,165,202,4.284897744655609,34.67512988600893
Bryce Harper,30.175536975282768,False,26,7.297387818894441,134.81894431684267,0.519,0.4157258274649384,0.55,63,198,187,7.384007453918457,61.68549051817798
Josh Donaldson,27.340865325,False,33,5.986769171749688,116.82242828134753,0.417,0.3963655780060123,0.55,41,95,101,3.162460185587406,35.689968417019294
Yasmani Grandal,21.69438226875,False,30,9.179445433671532,124.7688957548644,0.438,0.3248840944682734,0.38,46,115,126,-1.7673145532608032,8.937195248563352
Andrew McCutchen,19.812221253962445,False,32,5.69674562459575,120.53138724539303,0.444,0.3601711097613785,0.481,48,177,153,3.4393117129802704,31.896602523789095
Michael Brantley,19.0197324,False,32,5.34878857422671,125.01741227060089,0.452,0.34168551525762,0.432,26,136,128,2.76639461517334,27.152821199916175
AJ Pollock,17.830999124999998,False,31,4.461698143242619,110.07451620118309,0.468,0.3401941953166839,0.445,35,134,114,1.563017562031746,13.050994693252449
Nelson Cruz,16.9988858325,False,38,6.369322978481975,132.8285907612369,0.566,0.3849161496169888,0.597,76,161,216,6.15838623046875,53.159309122339764
Daniel Murphy,14.2647993,False,34,4.224006352472783,110.66456461156356,0.455,0.3846253842269818,0.492,35,134,135,3.6479358971118927,28.847539191481165
DJ LeMahieu,14.2647993,False,30,5.202129348036143,87.18245186064787,0.419,0.3417423177609401,0.404,23,185,126,0.7247116565704343,-19.414542935233513
Marwin Gonzalez,12.4816993875,False,30,6.254761578653138,103.60675339940288,0.413,0.3818143924155573,0.408,39,128,158,4.014810383319855,27.216490588796514
Jed Lowrie,11.88733275,False,35,8.985853524795205,124.14964747987696,0.408,0.3470850347731013,0.481,37,164,168,4.70921790599823,30.15048874902204
Mike Moustakas,11.88733275,False,30,4.513680779562234,105.05353388152412,0.461,0.3446868228428255,0.492,66,141,180,1.3927942216396332,8.211578244588285
Wilson Ramos,11.292966112499998,True,31,3.6628356586588318,131.91101875336997,0.438,0.3066321905345133,0.46,26,58,105,-0.07072427496314049,7.296699111930341
Brian Dozier,10.698599475,False,32,7.10475442744891,90.40550984219216,0.343,0.3618832151265615,0.468,55,187,165,-0.24407395720481873,17.178892046735417
Jonathan Schoop,8.915499562499999,False,27,5.503859288592542,80.31314602869033,0.352,0.3548188797632853,0.441,53,153,166,0.4089176058769226,1.982197647341037
Jeff Mathis,7.429582968749999,True,36,1.719096603658608,46.952485252398056,0.283,0.261856915642373,0.308,3,28,31,-2.6391963958740234,-29.926415005670457
Steve Pearce,7.429582968749999,False,36,1.6626341202984871,140.24287783371653,0.527,0.3226182572436264,0.416,24,73,79,1.4963578879833221,11.535659786414397
Nick Markakis,7.13239965,False,35,3.186813140511408,113.71070748720932,0.425,0.3205106308813181,0.382,22,154,169,1.2116912603378294,4.0635784425170165
Robinson Chirinos,6.83521633125,True,35,2.664920788374601,101.52691411214472,0.394,0.3687546299649523,0.453,35,94,103,2.523045778274536,3.5549061135163385
Billy Hamilton,6.24084969375,False,28,3.5209881895456814,68.40083138053112,0.266,0.2780546918036831,0.289,8,159,67,-5.112009525299072,-31.786065899126076
Jordy Mercer,6.24084969375,False,32,3.842026122551726,84.62989909897975,0.386,0.3083844175032519,0.374,20,95,97,-2.33040452003479,-16.00732542968581
Freddy Galvis,5.943666374999999,False,29,3.8791646902248544,84.88730894619869,0.341,0.2976838662338546,0.36,25,133,128,-0.9567886590957642,-28.566169825105803
Kurt Suzuki,5.943666374999999,True,35,2.097070527042608,107.05594248081658,0.409,0.3717377033888125,0.458,31,83,100,1.2473640888929365,10.483385658548102
Wilmer Flores,5.05211641875,False,27,1.6416710056803452,101.92564585272676,0.363,0.331328161370391,0.448,29,85,103,0.032350037246942395,0.8849301802945053
Ian Kinsler,4.7549331,False,37,4.12649640243114,85.51258673124995,0.368,0.3125017469721418,0.428,36,156,100,-4.046020030975342,-10.720427471578944
Jon Jay,4.7549331,False,34,1.048047158942056,86.28953919770011,0.333,0.3303323297366604,0.358,5,139,74,1.1087533533573148,-6.740039203468548
Matt Adams,4.7549331,False,30,0.9485703444248212,107.61256281999776,0.463,0.3460980250361216,0.507,41,88,122,1.5025781318545341,4.329854506094051
Asdrubal Cabrera,4.160566462499999,False,33,4.61542166790899,110.58082087357413,0.433,0.338037998924468,0.43,37,134,134,1.5920028686523438,6.851070028819055
Avisail Garcia,4.160566462499999,False,28,5.412198249801609,91.85125038232584,0.467,0.3752723118598512,0.513,37,122,129,1.5774222016334534,24.883715805826842
Jonathan Lucroy,3.98225647125,True,33,0.3068414950774524,71.94575904545928,0.349,0.3111552815688284,0.358,10,86,91,-3.215896397829056,-30.773124829756362
Adam Jones,3.566199825,False,33,1.633861586569096,98.0866149034862,0.411,0.3340014969756441,0.438,41,136,136,-1.4037295579910278,3.3769391487204166
Daniel Descalso,2.9718331875,False,32,0.8485022284376909,111.92315433898268,0.394,0.3175505052259819,0.378,23,101,108,3.906798005104065,1.1044009251873996
James McCann,2.9718331875,True,29,0.07760369582550553,56.086233198997945,0.361,0.3159349999366662,0.461,21,70,88,-4.0668386816978455,-31.031045163418803
Justin Bour,2.9718331875,False,31,2.9806091915492865,106.93272786302838,0.405,0.374357090035886,0.516,45,101,142,2.848048230400309,16.30940463916294
Martin Maldonado,2.9718331875,True,32,5.186812752470791,72.11776289805579,0.316,0.2789341348074215,0.364,23,82,82,-5.339292049407958,-34.74345901053603
Brian McCann,2.37746655,True,35,2.826941464319516,82.01469926164519,0.324,0.3226077023780707,0.428,25,69,85,0.14353564381599432,-6.772983188496124
Josh Harrison,2.37746655,False,31,2.8677461190455804,76.9310028111865,0.357,0.3319771731874756,0.39,24,107,84,-0.838150143623352,-3.70207747528599
Neil Walker,2.37746655,False,33,1.4793011535140361,81.84133455378144,0.425,0.346120048105047,0.418,25,107,95,3.263246089220047,-3.2763240826828426
Robbie Grossman,2.37746655,False,29,2.006137111256674,109.3465123400885,0.35,0.329142546863808,0.399,14,112,93,2.44575947523117,5.288386217605188
Brandon Guyer,2.08028323125,False,33,0.1570665113945894,83.47696406875964,0.34,0.2933490825326819,0.325,9,48,47,-0.2772723361849785,-8.807056564974259
Tim Beckham,2.08028323125,False,29,2.599020254750677,79.65581958786007,0.368,0.3338540971071462,0.446,34,112,97,-2.150356650352478,-5.614529461994039
Cory Spangenberg,1.42647993,False,28,1.3836751769743956,82.52315643101102,0.357,0.3129272404171171,0.376,20,92,71,0.2890162942931057,-7.715819354806894
Caleb Joseph,1.3076066025,True,33,0.7322792421687505,54.30370414959848,0.311,0.2985441835421436,0.384,11,59,45,-3.094242215156555,-22.25890770741004
J.D. Martinez,26.032809858,False,30,6.764777256439379,166.54514892779918,0.693,0.383667121,0.571,67,154,172,4.1727564335375975,65.13331106763165
Carlos Santana,23.66619078,False,32,6.258825906700129,114.6710674216246,0.463,0.369820048,0.515,57,179,166,3.2128342387077025,36.41840513830877
Eric Hosmer,21.299571702,False,28,3.914549951979298,134.65377625651084,0.454,0.32611452,0.442,50,178,198,2.4846391377701416,28.79102446654344
Lorenzo Cain,18.932952624,False,32,7.196927581703359,114.5324654485494,0.432,0.321921082,0.407,24,142,105,2.184733748477295,20.304293588806487
Jay Bruce,15.383024007,False,31,4.035796942888997,118.03892699105228,0.501,0.339803518,0.466,69,156,200,3.608563587124016,16.222357096216278
Zack Cozart,14.988587497944364,False,32,4.941574393810211,139.45099745425836,0.4,0.312388921,0.362,40,147,113,0.6150499582622071,19.403919192106997
Todd Frazier,10.0581310815,False,32,6.012682705626374,109.4399969830219,0.456,0.325773578,0.427,67,163,174,-0.2684963941357727,8.496630771848357
Carlos Gonzalez,9.466476312,False,32,2.1845374133592896,84.6784102652669,0.367,0.361430229,0.465,39,159,157,0.05375015690777585,-5.9248781865291225
Yonder Alonso,9.466476312,False,31,2.1513995129426737,133.01547800489584,0.497,0.298671563,0.399,35,124,123,2.9400135722757876,7.536832544529865
Welington Castillo,8.8748215425,True,31,3.3218184419555463,112.49829462468126,0.493,0.319087639,0.388,34,85,121,2.3504339453033447,-3.6573626056503805
Logan Morrison,8.57899415775,False,30,3.6395445372755075,130.872352775613,0.511,0.317684767,0.442,52,120,128,0.278579387916687,23.46650164021624
Jonathan Lucroy,7.6915120035,True,32,4.472208203246389,79.83754936180607,0.358,0.36151499,0.468,30,112,121,2.0090774004508516,2.3546347445296885
Mike Moustakas,7.6915120035,False,29,3.1875096483671124,113.14700909884664,0.492,0.339047672,0.516,45,87,98,0.8198203293685302,8.404720974512685
Mitch Moreland,7.6915120035,False,32,0.6162626877208124,97.5434824174082,0.532,0.307457437,0.474,44,122,139,0.41740649925592044,-15.86445585598349
Curtis Granderson,5.916547694999999,False,37,4.359607597747665,106.0208357129074,0.454,0.339214622,0.426,56,162,123,2.01435581193252,16.802560088267683
Chris Iannetta,5.02906554075,True,35,1.7102429810696433,120.23330442088124,0.417,0.282472642,0.376,24,61,67,0.12024438343261723,-4.172739825517484
Alex Avila,4.881151848375,True,31,2.176252482812148,124.7539610629667,0.555,0.328823159,0.354,21,60,60,0.7653384210150147,9.826674488635643
Carlos Gomez,4.733238156,False,32,2.273945086103433,105.08061545648472,0.44,0.296023321,0.345,30,96,104,-1.594438523293686,-3.804524939020582
Eduardo NuÃ±ez,4.733238156,False,31,3.97504839702615,111.72857664011028,0.356,0.323566456,0.39,28,133,125,-0.6563557090091858,12.024709792882483
Matt Adams,4.733238156,False,29,1.2480076132280984,110.22243943594852,0.507,0.330512777,0.468,36,83,119,0.7904037012049561,3.9285766357947582
Neil Walker,4.733238156,False,32,4.3732183845478385,114.76640727866668,0.418,0.350886438,0.487,37,116,104,2.9491800363625638,16.746676098214948
Jarrod Dyson,4.43741077125,False,33,4.174983191340981,85.6228694813419,0.331,0.316212613,0.316,6,102,55,0.4527254105674134,3.5456474807696963
Howie Kendrick,4.1415833865,False,34,2.549901749580637,120.1542306741278,0.454,0.303447513,0.416,17,105,81,-0.2682001004449944,4.449781492536405
Lucas Duda,4.1415833865,False,32,1.0008840775717618,114.30588224836464,0.485,0.303910354,0.481,37,70,87,-0.7941994069693603,3.3874330172416975
Cameron Maybin,3.84575600175,False,31,3.33061643079328,87.09623438636085,0.349,0.351526277,0.358,14,128,78,3.1721021984336777,11.068276892321238
Colby Rasmus,3.549928617,False,31,1.9481910530957864,132.49779000854477,0.538,0.281584269,0.406,24,55,77,-1.2012984470545245,-6.279352486256477
Jon Jay,3.549928617,False,33,1.5762252779346204,101.39803966267338,0.358,0.318782354,0.342,4,114,60,1.2450579111797482,4.658045753940967
Rene Rivera,3.3132667092,True,34,2.196158035231305,92.19429145141588,0.456,0.273051198,0.353,16,35,61,-1.5128124502225113,-13.664331853441139
Alcides Escobar,2.9582738475,False,31,1.7473381427945542,61.20130019832053,0.355,0.277725021,0.322,13,128,109,-3.6653022770529784,-53.3936719361666
Nick Hundley,2.9582738475,True,34,-0.08493060867310029,78.0135203836251,0.404,0.323078477,0.382,19,57,83,-0.68560186760849,-16.138530629864615
Eric Sogard,2.8399428935999995,False,32,3.22460226121356,108.62566210837366,0.353,0.3433117961158624,0.353,6,74,36,1.7765363454818726,3.847313756492932
Chris Young,2.366619078,False,34,0.7058819461410519,86.80204353590209,0.358,0.364008507,0.385,16,59,49,-1.3692160392904054,2.5943363641785835
Jose Reyes,2.366619078,False,35,2.789582250326788,94.78439136404776,0.346,0.329166299,0.369,23,120,82,1.7031096132045835,4.617607867917136
Leonys Martin,2.07079169325,False,30,2.601777788749542,35.38695763234194,0.344,0.297708552,0.332,18,86,56,0.27021570540168005,-16.244261313821674
Miguel Montero,1.5383024007,True,34,1.5191529379710662,74.91732904140761,0.336,0.298646145,0.315,14,57,49,0.8790116458960646,-15.125666907621978
Andres Blanco,1.3016404929,False,34,-0.3859909381164856,43.31373931161283,0.291,0.313389325,0.333,7,36,34,-0.8141920868085937,-12.477564501998422
Chase Utley,1.183309539,False,39,1.8276326732373667,96.02535607061382,0.402,0.311932047,0.389,22,122,86,1.323622286811371,-3.83764015768513
Danny Valencia,1.183309539,False,33,2.235000948056301,95.59869148394404,0.381,0.341831222,0.469,32,126,117,-0.6523167492229613,3.9866817164857755
Mark Reynolds,1.183309539,False,34,1.090644814397352,104.81933587127536,0.421,0.348502215,0.386,44,143,150,0.463662147410553,-2.200448345254584
Peter Bourjos,1.183309539,False,31,0.5704416173259024,74.44591760475072,0.32,0.291235965,0.321,10,67,38,-1.1666604873078612,-13.29537122203875
Craig Gentry,1.0649785851,False,34,0.13275444685468782,92.3287229346856,0.39,0.198646876,0.226,2,19,13,-0.2621961238282775,-4.503657799073071
Pedro Alvarez,1.0649785851,False,31,1.0700353407744023,111.1318688826749,0.424,0.349125845,0.501,23,47,53,0.5676958110816726,8.508593331600403
Ichiro Suzuki,0.88748215425,False,44,1.2899851666682318,76.89528740741221,0.293,0.320463371,0.331,4,67,42,1.0194939675555572,-4.393991098620249
Ryan Flaherty,0.88748215425,False,31,-0.2501599277321792,50.34517052733543,0.235,0.269374167,0.316,3,21,19,-0.871744110738655,-10.571392030384283
Jace Peterson,0.8519828680799999,False,28,0.9430385535882344,66.31714971347874,0.367,0.316573966,0.384,9,60,46,-0.39199021497703546,-9.412562621808846
Chris Stewart,0.6804029849249998,True,36,-0.5976542106890902,21.949933712530548,0.288,0.271233792,0.284,1,18,11,-1.8516835574653625,-19.23946617290379
Yoenis Cespedes,32.205308135,False,31,9.151230636,135.7382207,0.529,0.367211867,0.546,66,173,191,5.561886965999999,54.68125758
Edwin Encarnacion,23.42204228,False,34,8.097746751,136.1872311,0.536,0.391517523,0.517,81,193,238,4.895638943,63.10199571
Jose Bautista,21.665389109,False,36,7.107948111,123.3517599,0.432,0.388506867,0.514,62,176,183,4.960307718,49.79362825
Carlos Beltran,18.737633824,False,40,3.7343067039999998,122.2944376,0.434,0.346356773,0.448,48,130,160,2.1932746180000002,25.03563518
Justin Turner,18.737633824,False,32,8.294010492,123.2797144,0.486,0.371475479,0.481,43,134,150,4.5258669849999995,37.21140504
Ian Desmond,16.395429596,False,31,4.879162191,102.7469581,0.424,0.294367035,0.362,41,176,148,0.8428283929999998,-3.0620233059999995
Matt Holliday,15.224327482,False,37,1.397782079,109.3338279,0.468,0.351075547,0.376,24,72,97,2.484030843,7.276856284000001
Mark Trumbo,14.638776425,False,31,3.0397175279999997,125.1573233,0.549,0.327247697,0.442,69,156,172,0.401020304,22.426821623000002
Carlos Gomez,13.467674311,False,31,2.443711135,83.35628419,0.345,0.315472723,0.395,25,106,109,-0.895469964,-3.0563339560000005
Kendrys Morales,12.882123254,False,34,3.021722651,110.9990619,0.555,0.363856476,0.504,52,146,199,2.187974333,19.200391681
Michael Saunders,10.539919026,False,30,2.3558893729999997,118.5364933,0.404,0.242198841,0.284,24,72,60,-1.6446742570000001,9.469413214
Mike Napoli,9.954367969,False,35,1.51409639,110.9072866,0.471,0.321158295,0.387,52,138,151,-0.14018238299999997,1.2129944809999995
Jason Castro,9.564000598057032,True,30,5.382629372,90.1913567,0.404,0.28373367,0.343,22,79,63,-1.551869511,-15.170583977
Jon Jay,9.368816912,False,32,0.24554248500000003,99.05611423,0.342,0.253360919,0.309,3,74,36,-2.565492182,-10.557595640999999
Luis Valbuena,8.783265855,False,31,3.47067955,124.3760481,0.405,0.324743505,0.437,38,100,96,0.3984540700000001,10.58181581
Steve Pearce,7.3193882125,False,34,1.661876916,136.253519,0.5,0.308245053,0.363,28,77,75,0.16470997099999996,8.079605328
Brandon Moss,7.026612684,False,33,1.501547135,105.1597868,0.484,0.308061824,0.464,47,113,125,-1.362892747,-2.4199434220000002
Rajai Davis,7.026612684,False,36,2.204952511,82.84308262,0.346,0.320073666,0.341,20,129,78,-0.523506999,-0.6456030579999998
Sean Rodriguez,6.7338371555,False,32,1.9018709710000001,127.9271093,0.478,0.281467656,0.35,22,74,73,-2.3747960029999997,1.9568279750000013
Mitch Moreland,6.441061627,False,31,1.9175523529999998,83.34494019,0.474,0.347758299,0.506,45,100,145,3.501143992,-2.667296800000001
Colby Rasmus,5.85551057,False,30,3.853084642,76.98411079,0.406,0.339083619,0.414,40,105,115,-0.7290420830000001,3.88899421
Chris Carter,4.098857399,False,30,2.5030755840000003,113.2176609,0.536,0.319402043,0.443,65,134,158,-0.6900916549999999,9.538983037000001
Stephen Drew,4.098857399,False,34,1.109365925,123.0560648,0.48,0.283982054,0.317,25,67,65,-1.811587662,-10.361884722
Andres Blanco,3.513306342,False,33,1.678565421,93.1864762,0.333,0.371641135,0.41,11,58,46,0.590169772,7.205800638
Franklin Gutierrez,3.0448654964,False,34,3.257888509,114.9339869,0.49,0.409688897,0.562,29,60,74,0.884401802,19.253381777
A.J. Ellis,2.927755285,True,36,0.265626126,64.17893831,0.365,0.335943676,0.409,9,35,43,0.28334409,-8.399892061000001
Logan Morrison,2.927755285,False,29,0.667924203,100.4623477,0.442,0.29772778,0.436,31,92,97,-0.203692164,-6.520529303
Dustin Ackley,2.6349797565,False,29,-0.690008956,10.10677918,0.299,0.305139006,0.43,10,34,34,-1.0833204539999999,-12.87812198
Alex Avila,2.342204228,True,30,0.06889557599999996,106.8999483,0.354,0.293747007,0.428,11,40,24,-0.743871987,-5.578593358
Chase Utley,2.342204228,False,38,1.278637589,95.79445513,0.389,0.273949483,0.368,22,116,91,0.6842376,-15.172234785
Jeff Mathis,2.342204228,True,34,0.634575759,62.79205658,0.286,0.214877375,0.27,4,21,27,-1.4640538099999998,-13.914781593
Michael Bourn,2.342204228,False,34,0.443074073,78.59210804,0.318,0.269232882,0.305,5,87,68,-1.2635981889999999,-27.594898829999998
Nick Hundley,2.342204228,True,33,1.163654217,84.10104153,0.382,0.347887624,0.363,20,75,91,-0.300929643,-5.4072779849999995
Pedro Alvarez,2.342204228,False,30,1.568788387,118.9593643,0.501,0.332633213,0.471,49,103,126,2.9371263979999997,18.645676215
Drew Butera,2.2250940166,True,33,0.509909655,114.9160906,0.317,0.22926461,0.285,5,27,21,-0.16980987799999997,-7.6219256060000005
Daniel Descalso,2.0494286995,False,30,-0.40429278299999993,90.05646239,0.373,0.259108032,0.279,13,60,60,0.440604553,-16.126605521
Adam Lind,1.756653171,False,33,1.8714106540000002,93.3175426,0.466,0.350503948,0.42,40,120,145,1.672095359,3.981036479
Kurt Suzuki,1.756653171,True,33,-1.15835316,85.65194406,0.361,0.268888303,0.341,13,70,99,-2.8363320830000003,-29.460762912
Ruben Tejada,1.5809878539,False,27,0.755436565,33.52185488,0.296,0.303106496,0.373,3,45,33,-0.8899058400000001,-8.88847508
Alexi Amarista,1.4638776425,False,28,-1.5919329910000002,51.81069846,0.319,0.236430395,0.295,3,37,41,-2.071466177,-29.400732671
Josh Rutledge,0.7026612684,False,28,0.444878354,96.59498977,0.254,0.292058442,0.27,1,20,13,-0.752914086,-0.12718194500000002
Chris Johnson,0.62653963099,False,32,-1.133024925,66.20829509,0.393,0.274042996,0.404,8,38,42,-2.529079884,-20.187346067
Yoenis Cespedes,30.7824352,False,30,9.292019968,134.7588289,0.546,0.325868038,0.546,57,190,205,5.209297239,40.000897037
Chris Davis,28.319840384000003,False,30,6.3624126830000005,148.8845432,0.589,0.308172344,0.589,73,165,189,5.057209611,34.319589193999995
Jason Heyward,28.319840384000003,False,26,10.222678594,121.1523645,0.374,0.329288046,0.374,24,153,118,5.007097482,32.497375500000004
Justin Upton,27.242455152,False,28,7.146610466,119.3484646,0.431,0.363481507,0.431,55,162,183,3.9032384159999998,43.63428385
Alex Gordon,22.163353344,False,32,8.170082108,121.6733788,0.396,0.345937746,0.396,32,127,122,4.110227942,29.757648646
Colby Rasmus,19.4544990464,False,29,4.36836204,118.2610321,0.414,0.321443848,0.414,43,112,101,0.7160820059999999,20.016460009
Matt Wieters,19.4544990464,True,30,0.932936636,101.7599226,0.412,0.36463955,0.412,13,37,43,1.896050095,1.902911003
Ben Zobrist,17.238163712000002,False,35,7.700740338,122.3923083,0.382,0.33305758,0.382,23,159,108,2.464556038,27.34287221
Dexter Fowler,16.006866304000003,False,30,5.087470614000001,109.4625652,0.347,0.347424693,0.347,25,163,81,2.28677845,25.370310456
Daniel Murphy,15.3912176,False,31,4.705028947000001,109.1442245,0.455,0.32356164,0.455,23,135,130,2.138542057,12.713297271
Denard Span,12.72340654522901,False,32,5.825858103,119.696528,0.429,0.341389379,0.429,10,132,59,5.054249405999999,27.411783196000002
Howie Kendrick,12.31297408,False,32,7.012138816,109.0433006,0.411,0.327539188,0.411,16,149,129,4.041456104,18.806676197999998
Asdrubal Cabrera,11.389501024,False,30,4.553290412,103.5329239,0.385,0.307568016,0.385,29,140,119,-2.432986058,1.570840022
Gerardo Parra,11.2868929070771,False,29,2.697547778,109.2908865,0.389,0.298445788,0.389,23,147,91,-1.838054598,-2.782566463
Ian Desmond,9.850379264,False,30,5.530689391999999,82.8596739,0.362,0.328571246,0.362,43,142,153,-0.29355812000000014,2.2552557910000006
Chase Utley,8.619081856000001,False,37,3.834432727,71.13852325,0.368,0.32457774,0.368,19,111,117,1.283910394,-0.6985022100000009
Mike Napoli,8.619081856000001,False,34,2.43181866,98.98719696,0.387,0.352892502,0.387,35,95,105,0.352773659,5.927514180000001
Chris Young,8.003433152000001,False,32,1.690518475,109.5372601,0.36,0.302992252,0.36,25,93,80,-0.44549810900000003,2.9927223869999997
Alejandro De Aza,7.079960096000001,False,32,1.7024720649999998,104.6061055,0.357,0.309952571,0.357,15,107,76,-1.793148554,0.2853802399999994
Pedro Alvarez,7.079960096000001,False,29,0.78386081,111.6082594,0.471,0.315642221,0.471,45,106,133,2.521936786,9.525205229
Nori Aoki,6.772135744000001,False,34,3.0885633610000003,109.2275577,0.315,0.319956561,0.315,6,105,69,0.66265445,4.000524865
Rajai Davis,6.464311392000001,False,35,3.267907119,100.1484545,0.341,0.319086328,0.341,16,119,81,-1.384614765,9.914969491
Austin Jackson,6.15648704,False,29,2.923784134,94.20541685,0.38,0.292238759,0.38,13,127,95,-0.26699351299999996,-9.974988144000001
Steve Pearce,5.848662688,False,33,4.608422786999999,92.64911273,0.363,0.403991452,0.363,36,93,89,2.9317317010000004,23.785476758
Chris Iannetta,5.233013984,True,33,3.4390980129999997,77.95470528,0.339,0.342958197,0.339,17,69,77,0.6616499419999999,-0.692262620000001
Dioner Navarro,4.925189632,True,32,-0.5337068150000001,84.19811961,0.418,0.314651731,0.418,17,57,89,0.9209336340000001,-8.537054432
John Jaso,4.925189632,False,32,1.240694862,134.7857968,0.504,0.33919875,0.504,14,65,62,3.837421656,13.123665048
Juan Uribe,4.925189632,False,37,5.363711888999999,103.7344804,0.38,0.34043869,0.38,23,76,97,-0.22091190500000002,10.314765475
David Freese,3.693892224,False,33,4.686745005000001,108.3554632,0.423,0.314033466,0.423,24,106,111,-0.043064058000000016,4.738194843
Stephen Drew,3.693892224,False,33,-0.419410732,76.13503559,0.317,0.238041717,0.317,24,61,70,-4.628203392,-34.39132095
Geovany Soto,3.4476327424,False,33,1.494365276,96.33715289,0.416,0.297179069,0.416,10,28,32,0.115395915,-3.671836227
Tyler Flowers,3.2629381312000003,True,30,5.405719164000001,80.89374429,0.328,0.308476741,0.328,24,63,89,-1.634254642,-15.475769819
Mark Reynolds,3.2013732608000005,False,32,0.960161946,97.78234531,0.37,0.301529914,0.37,35,82,93,-2.5570000410000002,-9.448278220999999
Alex Avila,3.07824352,True,29,0.7608878439999999,81.96969105,0.428,0.311201226,0.428,15,65,60,0.83079952,-14.706555052
Brayan PeÃ±a,3.07824352,True,34,-0.471288988,83.05886601,0.293,0.284187764,0.293,5,40,44,-3.148320079,-26.9646424
Chris Carter,3.07824352,False,29,2.176745089,104.6707509,0.443,0.345552941,0.443,61,118,152,1.7655839320000002,15.286808589000001
Sean Rodriguez,3.07824352,False,31,-0.239928644,76.52129534,0.35,0.304851549,0.35,16,55,58,-2.3141719689999998,-9.624722942999998
Jimmy Rollins,2.462594816,False,37,4.214334047,79.99554468,0.34,0.31949742,0.34,30,149,96,-0.759647966,-7.544566118
Kelly Johnson,2.462594816,False,34,0.8848069510000001,105.7447456,0.401,0.29603468,0.401,21,67,74,-0.582109896,-1.7140650780000002
Mike Aviles,2.462594816,False,35,-1.277738715,62.66143837,0.323,0.271855069,0.323,10,75,56,-4.019600153,-28.177735079999998
Cliff Pennington,2.30868264,False,32,0.7595908,56.78282649,0.318,0.313726062,0.318,5,45,31,-1.80886986,-12.460060849
A.J. Pierzynski,1.846946112,True,39,-0.3615539950000001,110.6209227,0.4,0.276650198,0.4,14,63,86,-0.7464359999999999,-15.701765870000001
Franklin Gutierrez,1.846946112,False,33,4.56374577,167.413302,0.562,0.409688897,0.562,30,54,70,1.66160369,29.33089482
Ryan Raburn,1.846946112,False,35,0.06485769600000002,152.7835522,0.495,0.243967703,0.495,12,40,51,-0.07003390800000009,-1.1803724500000001
Daniel Nava,1.6930339360000002,False,33,1.9353756569999998,63.66683219,0.334,0.319014158,0.334,5,54,47,-1.152733553,-5.785047022
Emilio Bonifacio,1.53912176,False,31,1.180766618,3.70052239,0.204,0.2890758,0.204,3,52,28,-1.254981936,-13.164117102
Gordon Beckham,1.53912176,False,29,0.10846066299999998,65.98584363,0.278,0.273305958,0.278,15,77,64,-2.445443526,-26.790021099999997
Skip Schumaker,1.53912176,False,36,-1.62321319,74.66298797,0.34,0.268733126,0.34,3,45,43,-3.003039598,-19.087629501000002
David Murphy,1.4159920192,False,34,0.10969464599999999,100.8148273,0.375,0.310525393,0.375,18,78,108,1.771367476,-4.749255231
Justin Maxwell,1.3544271488,False,32,-0.926532146,71.79927421,0.358,0.190290251,0.358,7,30,29,-1.688123942,-13.787366009
Darwin Barney,1.2928622784,False,30,1.1194962270000002,121.8057543,0.362,0.285138723,0.362,5,28,27,-1.1145679990000001,-2.9912654130000003
Brennan Boesch,1.231297408,False,31,-1.5722184650000002,4.026914883,0.215,0.210775404,0.215,3,10,12,-1.448383808,-14.703714129000002
Chris Denorfia,1.231297408,False,35,0.446793528,88.64804967,0.394,0.270753096,0.394,6,54,39,-1.469326273,-13.831171608000002
Craig Gentry,1.231297408,False,32,0.6136971999999999,8.220481825,0.199,0.276350952,0.199,0,44,15,-0.250138298,-5.132178011000001
Eric Young Jr.,1.231297408,False,31,0.28123665099999995,22.57670082,0.293,0.275466018,0.293,1,64,22,-0.116954468,-9.811409953
Marlon Byrd,1.231297408,False,38,3.65990199,99.73922752,0.435,0.329665377,0.435,48,129,158,1.4131161269999999,5.225016765
Shane Victorino,1.231297408,False,35,0.195955457,67.34676585,0.285,0.30193967,0.285,3,33,19,-0.672303322,-7.51162405
Travis Ishikawa,1.1081676672,False,32,0.33484122,73.65023877,0.335,0.308028194,0.335,4,15,26,-0.343598018,-2.572590253
Jordan Pacheco,0.9850379264,False,30,-1.426631864,82.14596255,0.322,0.282623827,0.322,2,18,24,-1.959626257,-11.823277229
