Name,AAV,catcher,year,Age,stayed_same_team,G,PA,HR,R,RBI,AVG,OBP,SLG,GDP,H,OPS,PlayerId,G_2,PA_2,HR_2,R_2,RBI_2,AVG_2,OBP_2,SLG_2,GDP_2,H_2,OPS_2,SB_success,SB_success_2
Shohei Ohtani,35.12280702,FALSE,2024,29,FALSE,135,599,44,102,95,0.303822937,0.412457912,0.653923541,9,151,1.066381453,19755,157,666,34,90,95,0.273037542,0.355855855,0.518771331,6,160,0.874627186,76.92307692,55
Aaron Judge,39.76929316,FALSE,2023,31,TRUE,157,696,62,133,131,0.310526315,0.424855491,0.685964912,14,177,1.110820403,15640,148,633,39,89,98,0.287272727,0.372827804,0.543636363,16,158,0.916464167,84.21052632,85.71428571
Carlos Correa,38.50935103,FALSE,2022,27,FALSE,148,640,26,104,92,0.279279279,0.365625,0.484684684,16,155,0.850309684,14162,75,321,21,42,59,0.278571428,0.358255451,0.567857142,8,78,0.926112593,0,100
Anthony Rendon,41.5670387,FALSE,2020,30,FALSE,146,646,34,117,126,0.319266055,0.411764705,0.598165137,13,174,1.009929842,12861,136,597,24,88,92,0.308128544,0.373534338,0.534971644,5,163,0.908505982,83.33333333,66.66666667
Carlos Correa,33.14107763,FALSE,2023,28,TRUE,136,590,22,70,64,0.291187739,0.366101694,0.46743295,18,152,0.833534644,14162,148,640,26,104,92,0.279279279,0.365625,0.484684684,16,155,0.850309684,0,0
Corey Seager,35.65680651,FALSE,2022,28,FALSE,95,409,16,54,57,0.305949008,0.393643031,0.521246458,8,108,0.914889489,13624,134,541,19,82,87,0.27198364,0.334565619,0.482617586,8,133,0.817183205,50,100
Manny Machado,35.66199825,FALSE,2019,26,FALSE,162,709,37,84,107,0.297468354,0.366713681,0.537974683,26,188,0.904688364,11493,156,690,33,81,95,0.258730158,0.310144927,0.471428571,17,163,0.781573498,87.5,69.23076923
Yoenis Cespedes,32.20530813,FALSE,2017,31,TRUE,132,543,31,72,86,0.279749478,0.35359116,0.530271398,14,134,0.883862558,13110,159,676,35,101,105,0.290679304,0.328402366,0.541864139,14,184,0.870266505,75,58.33333333
Trea Turner,27.11542715,FALSE,2023,30,FALSE,160,708,21,101,100,0.297546012,0.342776203,0.466257668,9,194,0.809033871,16252,148,646,28,107,77,0.327731092,0.374613003,0.536134453,18,195,0.910747456,90,86.48648649
Freddie Freeman,29.62257772,FALSE,2022,32,FALSE,159,695,31,120,83,0.3,0.392805755,0.503333333,11,180,0.896139088,5361,158,692,38,113,121,0.29480737,0.388728323,0.549413735,17,176,0.938142058,72.72727273,66.66666667
Cody Bellinger,26.66666667,FALSE,2024,28,TRUE,130,556,26,95,97,0.306613226,0.356115107,0.5250501,7,153,0.881165207,15998,144,550,19,70,68,0.21031746,0.265454545,0.388888888,7,106,0.654343433,76.92307692,82.35294118
Kris Bryant,28.52544521,FALSE,2022,30,FALSE,144,586,25,86,73,0.265107212,0.35324232,0.481481481,9,136,0.834723801,15429,147,634,31,108,77,0.281767955,0.38170347,0.521178637,10,153,0.902882107,83.33333333,100
Xander Bogaerts,25.30773201,FALSE,2023,30,FALSE,150,631,15,84,73,0.307001795,0.37717908,0.456014362,14,171,0.833193442,12161,144,603,23,90,79,0.29489603,0.369817578,0.493383742,13,156,0.86320132,80,83.33333333
Bryce Harper,30.17553698,FALSE,2019,26,FALSE,159,695,34,103,100,0.249090909,0.392805755,0.496363636,7,137,0.889169391,11579,111,492,29,95,87,0.319047619,0.412601626,0.595238095,15,134,1.007839721,81.25,66.66666667
Dansby Swanson,25.13987461,FALSE,2023,29,FALSE,162,696,25,99,96,0.2765625,0.329022988,0.446875,12,177,0.775897988,18314,160,653,27,78,88,0.248299319,0.311349693,0.448979591,7,146,0.760329284,72,75
Marcus Semien,27.4283127,FALSE,2022,31,FALSE,162,724,45,115,102,0.265337423,0.334254143,0.538343558,9,173,0.872597701,12533,162,747,33,123,92,0.284627092,0.369477911,0.522070015,11,187,0.891547926,93.75,55.55555556
Yoenis Cespedes,30.7824352,FALSE,2016,30,TRUE,159,676,35,101,105,0.290679304,0.328402366,0.541864139,14,184,0.870266505,13110,152,645,22,89,100,0.26,0.300775193,0.45,13,156,0.750775193,58.33333333,77.77777778
Teoscar Hernandez,23.5,FALSE,2024,31,FALSE,160,678,26,70,93,0.2576,0.305309734,0.4352,6,161,0.740509734,13066,131,535,25,71,77,0.266533066,0.31588785,0.490981963,18,133,0.806869813,77.77777778,66.66666667
Javier Baez,25.59975852,FALSE,2022,29,FALSE,138,547,31,80,87,0.264940239,0.318681318,0.494023904,12,133,0.812705222,12979,138,561,29,89,85,0.280602636,0.315508021,0.531073446,16,149,0.846581467,78.26086957,61.11111111
Trevor Story,25.59975852,FALSE,2022,29,FALSE,142,595,24,88,75,0.25095057,0.329411764,0.471482889,7,132,0.800894653,12564,145,656,35,111,85,0.294217687,0.362804878,0.554421768,3,173,0.917226646,76.92307692,74.19354839
Chris Davis,28.31984038,FALSE,2016,30,TRUE,160,670,47,100,117,0.261780104,0.361194029,0.561954624,6,150,0.923148653,9272,127,525,26,65,72,0.195555555,0.29961832,0.404444444,2,88,0.704062764,40,66.66666667
Jason Heyward,28.31984038,FALSE,2016,26,FALSE,154,610,13,79,60,0.29250457,0.358552631,0.438756855,13,160,0.797309486,4940,149,649,11,74,58,0.270506108,0.351309707,0.383944153,2,155,0.73525386,88.46153846,83.33333333
Josh Donaldson,27.31548257,FALSE,2020,34,FALSE,155,659,37,96,94,0.258652094,0.37936267,0.520947176,13,142,0.900309846,5038,52,219,8,30,23,0.245989304,0.351598173,0.44919786,3,46,0.800796033,66.66666667,100
Josh Donaldson,27.34086533,FALSE,2019,33,FALSE,52,219,8,30,23,0.245989304,0.351598173,0.44919786,3,46,0.800796033,5038,113,496,33,65,78,0.269879518,0.385080645,0.559036144,5,112,0.944116789,100,50
Justin Upton,27.24245515,FALSE,2016,28,FALSE,150,620,26,85,81,0.250922509,0.336025848,0.453874538,10,136,0.789900386,5222,154,641,29,77,102,0.270318021,0.3421875,0.491166077,10,153,0.833353577,79.16666667,66.66666667
J.D. Martinez,26.03280986,FALSE,2018,30,FALSE,119,489,45,85,104,0.30324074,0.376278118,0.689814814,23,131,1.066092932,6184,120,517,22,69,68,0.306521739,0.373307543,0.534782608,13,141,0.908090151,100,33.33333333
Jason Heyward,21.87311124,FALSE,2023,33,FALSE,48,151,1,15,10,0.204379562,0.278145695,0.277372262,3,28,0.555517957,4940,104,353,8,35,30,0.213622291,0.280453257,0.346749226,4,69,0.627202483,100,83.33333333
Brandon Nimmo,20.13320466,FALSE,2023,30,TRUE,151,673,16,102,64,0.274137931,0.367164179,0.43275862,9,159,0.799922799,12927,92,386,8,51,28,0.292307692,0.401041666,0.436923076,3,95,0.837964742,60,55.55555556
Anthony Rizzo,19.88464658,FALSE,2023,33,TRUE,130,548,32,77,75,0.223655913,0.33759124,0.479569892,13,104,0.817161132,3473,141,576,22,73,61,0.24798387,0.34375,0.439516129,15,123,0.783266129,54.54545455,75
Carlos Santana,23.66619078,FALSE,2018,32,FALSE,154,667,23,90,79,0.259194395,0.36281859,0.455341506,11,148,0.818160096,2396,158,688,34,89,87,0.259450171,0.366279069,0.498281786,18,151,0.864560855,83.33333333,71.42857143
Edwin Encarnacion,23.42204228,FALSE,2017,34,FALSE,160,702,42,99,127,0.262895174,0.35663338,0.529118136,22,158,0.885751516,2151,146,624,39,94,111,0.276515151,0.371794871,0.556818181,14,146,0.928613052,100,60
Nick Castellanos,21.94265016,FALSE,2022,30,FALSE,138,585,34,95,100,0.308851224,0.362393162,0.576271186,16,164,0.938664348,11737,151,664,27,100,73,0.289430894,0.337349397,0.525203252,12,178,0.862552649,75,50
Kyle Schwarber,21.66836703,FALSE,2022,29,FALSE,113,471,32,76,71,0.26566416,0.373673036,0.553884711,4,106,0.927557747,16478,155,610,38,82,92,0.24952741,0.339344262,0.531190926,6,132,0.870535188,50,40
Joc Pederson,19.53666526,FALSE,2023,31,TRUE,134,433,23,57,70,0.27368421,0.353348729,0.521052631,5,104,0.87440136,11899,137,481,18,55,61,0.237762237,0.309771309,0.421911421,9,102,0.73168273,60,40
Jose Abreu,19.38753042,FALSE,2023,36,FALSE,157,679,15,85,75,0.304492512,0.37849779,0.44592346,19,183,0.82442125,15676,152,659,30,86,117,0.261484098,0.350531107,0.480565371,28,148,0.831096478,0,100
Starling Marte,21.39408391,FALSE,2022,33,FALSE,120,526,12,89,55,0.310492505,0.382857142,0.458244111,6,145,0.841101253,9241,132,586,23,97,82,0.294990723,0.342465753,0.502782931,15,159,0.845248684,90.38461538,80.64516129
Jose Bautista,21.66538911,FALSE,2017,36,TRUE,116,517,22,68,69,0.234042553,0.365570599,0.451536643,21,99,0.817107242,1887,153,666,40,108,114,0.250460405,0.376876876,0.535911602,19,136,0.912788478,50,80
Brandon Belt,20.18723815,FALSE,2022,34,TRUE,97,381,29,65,59,0.273846153,0.377952755,0.596923076,9,89,0.974875831,10264,156,616,17,76,57,0.233840304,0.339285714,0.403041825,6,123,0.742327539,60,57.14285714
Yasmani Grandal,21.67424161,TRUE,2020,31,FALSE,153,632,28,79,77,0.245614035,0.379746835,0.467836257,16,126,0.847583092,11368,140,518,24,65,68,0.24090909,0.349420849,0.46590909,12,106,0.815329939,83.33333333,66.66666667
Yasmani Grandal,21.69438227,FALSE,2019,30,FALSE,140,518,24,65,68,0.24090909,0.349420849,0.46590909,12,106,0.815329939,11368,129,482,22,50,58,0.246575342,0.307692307,0.458904109,10,108,0.766596416,66.66666667,0
Alex Gordon,22.16335334,FALSE,2016,32,TRUE,104,422,13,40,48,0.27118644,0.376777251,0.432203389,2,96,0.80898064,5209,156,643,19,87,74,0.26642984,0.351477449,0.431616341,11,150,0.78309379,28.57142857,80
Eric Hosmer,21.2995717,FALSE,2018,28,FALSE,162,671,25,98,94,0.31840796,0.384500745,0.497512437,20,192,0.882013182,3516,158,667,25,80,104,0.266115702,0.328335832,0.433057851,18,161,0.761393683,85.71428571,62.5
Marcell Ozuna,21.37733419,FALSE,2020,29,FALSE,130,549,29,80,89,0.241237113,0.327868852,0.472164948,21,117,0.8000338,10324,148,628,23,69,88,0.280068728,0.325358851,0.43298969,10,163,0.758348541,85.71428571,100
Matt Chapman,18,FALSE,2024,31,FALSE,140,581,17,66,54,0.239685658,0.330464716,0.424361493,4,122,0.754826209,16505,155,621,27,83,76,0.228624535,0.323671497,0.433085501,7,123,0.756756998,66.66666667,50
Cody Bellinger,17.39906576,FALSE,2023,27,FALSE,144,550,19,70,68,0.21031746,0.265454545,0.388888888,7,106,0.654343433,15998,95,350,10,39,36,0.165079365,0.24,0.301587301,2,52,0.541587301,82.35294118,75
Willson Contreras,17.39906576,TRUE,2023,31,FALSE,113,487,22,65,55,0.242788461,0.349075975,0.466346153,14,101,0.815422128,11609,128,483,21,61,57,0.237288135,0.339544513,0.438256658,11,98,0.777801171,66.66666667,55.55555556
Rhys Hoskins,17,FALSE,2024,31,FALSE,0,0,0,0,0,0,0,0,0,0,0,16472,156,672,30,81,79,0.246,0.332,0.462,12,145,0.794,0,66.66666667
Andrew McCutchen,19.81222125,FALSE,2019,32,FALSE,155,682,20,83,65,0.25483304,0.36803519,0.423550087,12,145,0.791585277,9847,156,650,28,94,88,0.278947368,0.363076923,0.485964912,10,159,0.849041835,60.86956522,68.75
Jose Abreu,19.79382795,FALSE,2020,33,TRUE,159,693,33,85,123,0.283911671,0.33044733,0.503154574,24,180,0.833601904,15676,128,553,22,68,78,0.264529058,0.325497287,0.472945891,14,132,0.798443178,50,100
Josh Bell,16.40483343,FALSE,2023,30,FALSE,156,647,17,78,71,0.266304347,0.361801242,0.422101449,22,147,0.783902691,13145,144,568,27,75,88,0.261044176,0.346830985,0.475903614,22,130,0.822734599,0,0
Anthony Rizzo,17.55412013,FALSE,2022,32,TRUE,141,576,22,73,61,0.24798387,0.34375,0.439516129,15,123,0.783266129,3473,146,613,27,89,94,0.29296875,0.404567699,0.51953125,15,150,0.924098949,75,71.42857143
Carlos Beltran,18.73763382,FALSE,2017,40,FALSE,151,593,29,73,93,0.295289855,0.337268128,0.512681159,19,163,0.849949287,589,133,531,19,57,67,0.276150627,0.337099811,0.470711297,12,132,0.807811108,100,0
Justin Turner,18.73763382,FALSE,2017,32,TRUE,151,622,27,79,90,0.275179856,0.339228295,0.492805755,16,153,0.83203405,5235,126,439,16,55,60,0.293506493,0.369863013,0.49090909,10,113,0.860772103,80,71.42857143
Lorenzo Cain,18.93295262,FALSE,2018,32,FALSE,155,645,15,86,49,0.299657534,0.362790697,0.440068493,20,175,0.80285919,9077,103,434,9,56,56,0.287153652,0.338709677,0.408060453,15,114,0.74677013,92.85714286,73.68421053
Michael Brantley,19.0197324,FALSE,2019,32,FALSE,143,631,17,89,76,0.308771929,0.364069952,0.468421052,15,176,0.832491004,4106,90,375,9,47,52,0.298816568,0.357333333,0.443786982,8,101,0.801120315,80,91.66666667
Mike Moustakas,19.00207483,FALSE,2020,31,FALSE,143,584,35,80,87,0.254302103,0.328767123,0.51625239,12,133,0.845019513,4892,152,635,28,66,95,0.2513089,0.314960629,0.458987783,13,144,0.773948412,100,80
Nick Castellanos,19.00207483,FALSE,2020,28,FALSE,151,664,27,100,73,0.289430894,0.337349397,0.525203252,12,178,0.862552649,11737,157,678,23,88,89,0.298387096,0.3539823,0.5,8,185,0.8539823,50,66.66666667
Colby Rasmus,19.45449905,FALSE,2016,29,TRUE,137,485,25,67,61,0.238425925,0.314049586,0.474537037,6,103,0.788586623,9893,104,376,18,45,40,0.225433526,0.287234042,0.447976878,1,78,0.73521092,66.66666667,100
Matt Wieters,19.45449905,TRUE,2016,30,TRUE,75,282,8,24,25,0.26744186,0.319148936,0.42248062,4,69,0.741629556,4298,26,112,5,13,18,0.307692307,0.339285714,0.5,1,32,0.839285714,0,0
AJ Pollock,17.83099912,FALSE,2019,31,FALSE,113,460,21,61,65,0.256658595,0.315904139,0.484261501,6,106,0.80016564,9256,112,466,14,73,49,0.265882352,0.330472103,0.470588235,8,113,0.801060338,86.66666667,76.92307692
Andrew Benintendi,14.91348494,FALSE,2023,28,FALSE,126,521,5,54,51,0.303687635,0.373076923,0.399132321,7,140,0.772209244,17901,134,538,17,63,73,0.275862068,0.324022346,0.442190669,2,136,0.766213015,72.72727273,47.05882353
Chris Taylor,16.45698762,FALSE,2022,31,TRUE,148,582,20,92,73,0.254437869,0.344234079,0.437869822,5,129,0.782103901,13757,124,414,12,52,52,0.262295081,0.332524271,0.461748633,6,96,0.794272904,92.85714286,100
Jeimer Candelario,15,FALSE,2024,30,FALSE,140,576,22,77,70,0.251485148,0.335652173,0.471287128,11,127,0.806939301,13621,124,467,13,49,50,0.216783216,0.271948608,0.361305361,9,93,0.633253969,88.88888889,0
Nelson Cruz,16.45698762,FALSE,2022,41,FALSE,140,584,32,79,86,0.265107212,0.334482758,0.497076023,14,136,0.831558781,2434,120,521,41,81,108,0.310572687,0.392307692,0.638766519,14,141,1.031074211,100,0
Mitch Haniger,14.41636877,FALSE,2023,32,FALSE,57,247,11,31,34,0.245535714,0.307692307,0.428571428,7,55,0.736263735,14274,157,691,39,110,100,0.253225806,0.31837916,0.48548387,12,157,0.80386303,0,100
Nelson Cruz,16.99888583,FALSE,2019,38,FALSE,144,591,37,70,97,0.256262042,0.34179357,0.50867052,15,133,0.85046409,2434,155,645,39,91,119,0.287769784,0.375193798,0.548561151,15,160,0.923754949,100,50
Ben Zobrist,17.23816371,FALSE,2016,35,FALSE,126,535,13,76,56,0.276231263,0.358878504,0.4496788,8,129,0.808557304,7435,146,654,10,83,52,0.271929824,0.354294478,0.394736842,8,155,0.74903132,42.85714286,66.66666667
Didi Gregorius,16.62681548,FALSE,2020,30,FALSE,82,344,16,47,61,0.23765432,0.27616279,0.441358024,5,77,0.717520814,6012,134,569,27,89,86,0.267857142,0.334507042,0.494047619,8,135,0.828554661,66.66666667,62.5
Ian Desmond,16.3954296,FALSE,2017,31,FALSE,156,677,22,107,86,0.2848,0.335302806,0.4464,11,178,0.781702806,6885,156,641,19,69,62,0.233276157,0.289763779,0.384219554,9,136,0.673983333,77.77777778,72.22222222
Jorge Soler,14,FALSE,2024,32,FALSE,137,580,36,77,75,0.25,0.34137931,0.511904761,20,126,0.853284071,14221,72,306,13,32,34,0.207407407,0.295081967,0.4,9,56,0.695081967,100,0
Lourdes Gurriel Jr.,14,FALSE,2024,30,TRUE,145,592,24,65,82,0.261343012,0.309121621,0.462794918,20,144,0.771916539,19238,121,493,5,52,52,0.291390728,0.343495934,0.399558498,11,132,0.743054432,100,42.85714286
Avisail Garcia,14.53700573,FALSE,2022,31,FALSE,135,515,29,68,86,0.262472885,0.330097087,0.490238611,12,121,0.820335698,5760,125,530,20,61,72,0.282208588,0.332075471,0.464212678,15,138,0.796288149,66.66666667,71.42857143
Mark Canha,14.53700573,FALSE,2022,33,FALSE,141,625,17,93,61,0.231213872,0.3584,0.387283236,9,120,0.745683236,11445,126,497,26,80,58,0.273170731,0.396378269,0.51707317,10,112,0.913451439,85.71428571,60
Dexter Fowler,16.0068663,FALSE,2016,30,TRUE,156,690,17,102,46,0.25,0.345930232,0.411073825,5,149,0.757004057,4062,116,505,8,61,35,0.276497695,0.375,0.398617511,6,120,0.773617511,74.07407407,73.33333333
Jay Bruce,15.38302401,FALSE,2018,31,FALSE,146,617,36,82,101,0.254054054,0.324149108,0.508108108,11,141,0.832257216,9892,147,589,33,74,99,0.250463821,0.308998302,0.506493506,14,135,0.815491808,50,66.66666667
Justin Turner,13,FALSE,2024,39,FALSE,146,626,23,86,96,0.275985663,0.345047923,0.455197132,10,154,0.800245055,5235,128,532,13,61,81,0.277777777,0.34962406,0.438034188,13,130,0.787658248,80,100
Matt Holliday,15.22432748,FALSE,2017,37,FALSE,110,426,20,48,62,0.246073298,0.321596244,0.460732984,9,94,0.782329228,1873,73,277,4,24,35,0.279475982,0.393501805,0.410480349,9,64,0.803982154,0,66.66666667
Zack Cozart,14.9885875,FALSE,2018,32,FALSE,122,507,24,80,63,0.296803652,0.384615384,0.547945205,5,130,0.932560589,2616,121,508,16,67,50,0.252155172,0.307692307,0.424568965,9,117,0.732261272,100,80
Brett Gardner,14.84537096,FALSE,2020,36,TRUE,141,550,28,86,74,0.250509164,0.325454545,0.503054989,6,123,0.828509534,9927,140,609,12,95,45,0.235849056,0.322314049,0.367924528,6,125,0.690238577,83.33333333,88.88888889
Daniel Murphy,15.3912176,FALSE,2016,31,FALSE,130,538,14,56,73,0.280561122,0.321561338,0.448897795,15,140,0.770459133,4316,143,642,9,79,57,0.288590604,0.3317757,0.402684563,15,172,0.734460263,50,72.22222222
Joc Pederson,12.5,FALSE,2024,32,FALSE,121,425,15,59,51,0.234636871,0.348235294,0.416201117,12,84,0.764436411,11899,134,433,23,57,70,0.27368421,0.353348729,0.521052631,5,104,0.87440136,0,60
Mark Trumbo,14.63877643,FALSE,2017,31,TRUE,159,667,47,94,108,0.256117455,0.316341829,0.533442088,14,157,0.849783917,6876,142,545,22,62,64,0.261811023,0.310091743,0.448818897,12,133,0.75891064,100,0
Rougned Odor,13.49472985,FALSE,2022,28,FALSE,102,361,15,42,39,0.201863354,0.286111111,0.378881987,3,65,0.664993098,12282,145,581,30,77,93,0.204980842,0.28275862,0.438697318,4,107,0.721455938,0,55
Daniel Murphy,14.2647993,FALSE,2019,34,FALSE,91,351,12,40,42,0.298780487,0.336182336,0.454268292,5,98,0.790450628,4316,144,593,23,94,93,0.322097378,0.384485666,0.543071161,16,172,0.927556827,100,100
DJ LeMahieu,14.2647993,FALSE,2019,30,FALSE,128,581,15,90,62,0.275797373,0.321243523,0.427767354,14,147,0.749010877,9874,155,682,8,95,64,0.310344827,0.374079528,0.408866995,24,189,0.782946523,54.54545455,54.54545455
Edwin Encarnacion,14.25155612,FALSE,2020,37,FALSE,109,486,34,81,86,0.244019138,0.343621399,0.531100478,4,102,0.874721877,2151,137,579,32,74,107,0.246,0.335640138,0.474,14,123,0.809640138,0,100
J.D. Martinez,12,FALSE,2024,36,FALSE,113,479,33,61,103,0.271,0.321,0.572,11,117,0.893,6184,139,596,16,76,62,0.2739212,0.34117647,0.448405253,20,146,0.789581723,100,0
Jorge Soler,13.1655901,FALSE,2022,30,FALSE,149,602,27,74,70,0.222868217,0.316498316,0.432170542,12,115,0.748668858,14221,162,679,48,95,117,0.264855687,0.353550295,0.568760611,16,156,0.922310906,0,75
Michael Brantley,11.93078795,FALSE,2023,36,TRUE,64,277,5,28,26,0.288065843,0.369565217,0.41563786,1,70,0.785203077,4106,121,508,8,68,47,0.311300639,0.362204724,0.437100213,11,146,0.799304937,50,100
Mitch Garver,12,TRUE,2024,33,FALSE,87,344,19,45,50,0.27027027,0.37026239,0.5,6,80,0.87026239,15161,54,215,10,23,24,0.207446808,0.297674418,0.404255319,3,39,0.701929737,0,50
Carlos Gomez,13.46767431,FALSE,2017,31,TRUE,118,453,13,45,53,0.231143552,0.297777777,0.384428223,11,95,0.682206,4881,115,477,12,61,56,0.255172413,0.314345991,0.409195402,5,111,0.723541393,78.26086957,65.38461538
Joey Gallo,10.93655562,FALSE,2023,29,FALSE,126,410,19,48,47,0.16,0.280487804,0.357142857,0,56,0.637630661,14128,153,616,38,90,77,0.19879518,0.35064935,0.457831325,6,99,0.808480675,100,100
Kendrys Morales,12.88212325,FALSE,2017,34,FALSE,154,618,30,65,93,0.26344086,0.326860841,0.467741935,20,147,0.794602776,8610,158,639,22,81,106,0.289982425,0.361502347,0.485061511,24,165,0.846563858,0,0
Justin Turner,10.78742077,FALSE,2023,38,FALSE,128,532,13,61,81,0.277777777,0.34962406,0.438034188,13,130,0.787658248,5235,151,612,27,87,87,0.277673545,0.361111111,0.470919324,12,148,0.832030435,100,100
Harrison Bader,10.5,FALSE,2024,30,FALSE,98,344,7,44,40,0.231974921,0.274052478,0.347962382,7,74,0.62201486,18030,86,313,5,38,30,0.25,0.293929712,0.356164383,4,73,0.650094095,86.95652174,85
Kevin Kiermaier,10.5,FALSE,2024,34,TRUE,129,408,8,58,36,0.264864864,0.321867321,0.418918918,9,98,0.740786239,11038,63,221,7,28,22,0.228155339,0.280542986,0.368932038,2,47,0.649475024,93.33333333,85.71428571
Marwin Gonzalez,12.48169939,FALSE,2019,30,FALSE,145,552,16,61,68,0.247443762,0.32358318,0.408997955,14,121,0.732581135,5497,134,515,23,67,90,0.303296703,0.376953125,0.529670329,8,138,0.906623454,40,72.72727273
Denard Span,12.72340655,FALSE,2016,32,FALSE,61,275,5,38,22,0.300813008,0.364963503,0.430894308,5,74,0.795857811,8347,147,668,5,94,37,0.301639344,0.354887218,0.416393442,6,184,0.77128066,100,81.57894737
Avisail Garcia,11.87629677,FALSE,2020,29,FALSE,125,530,20,61,72,0.282208588,0.332075471,0.464212678,15,138,0.796288149,5760,93,385,19,47,49,0.235955056,0.28051948,0.438202247,9,84,0.718721727,71.42857143,75
Christian Vazquez,9.94232329,TRUE,2023,32,FALSE,119,426,9,41,52,0.273869346,0.31455399,0.399497487,10,109,0.714051477,9774,138,498,6,51,49,0.257641921,0.307847082,0.351528384,15,118,0.659375466,20,66.66666667
Eduardo Escobar,10.97132508,FALSE,2022,33,FALSE,146,599,28,77,90,0.253187613,0.313856427,0.471766848,3,139,0.785623275,6153,158,699,35,94,118,0.268867924,0.320457796,0.511006289,8,171,0.831464085,100,83.33333333
Howie Kendrick,12.31297408,FALSE,2016,32,TRUE,117,495,9,64,54,0.29525862,0.336032388,0.409482758,17,137,0.745515146,4229,157,674,7,85,75,0.293354943,0.347242921,0.397082658,15,181,0.744325579,75,73.68421053
J.D. Martinez,9.94232329,FALSE,2023,35,FALSE,139,596,16,76,62,0.2739212,0.34117647,0.448405253,20,146,0.789581723,6184,148,634,28,92,99,0.285964912,0.349131121,0.517543859,18,163,0.86667498,0,0
Jed Lowrie,11.88733275,FALSE,2019,35,FALSE,157,680,23,78,99,0.266778523,0.352941176,0.447986577,8,159,0.800927753,4418,153,645,14,86,69,0.276895943,0.359689922,0.447971781,10,157,0.807661703,0,0
Mike Moustakas,11.88733275,FALSE,2019,30,TRUE,152,635,28,66,95,0.2513089,0.314960629,0.458987783,13,144,0.773948412,4892,148,598,38,75,85,0.272072072,0.31438127,0.52072072,18,151,0.83510199,80,0
Wilson Ramos,11.29296611,TRUE,2019,31,FALSE,111,416,15,39,70,0.306282722,0.358173076,0.486910994,20,117,0.84508407,1433,64,224,11,19,35,0.259615384,0.28959276,0.447115384,11,54,0.736708144,0,0
Brandon Belt,9.24636066,FALSE,2023,35,FALSE,78,298,8,25,23,0.212598425,0.325503355,0.3503937,9,54,0.675897055,10264,97,381,29,65,59,0.273846153,0.377952755,0.596923076,9,89,0.974875831,100,60
Asdrubal Cabrera,11.38950102,FALSE,2016,30,FALSE,143,551,15,66,58,0.265346534,0.314545454,0.42970297,14,134,0.744248424,4962,146,616,14,74,61,0.240506329,0.307317073,0.386980108,15,133,0.694297181,66.66666667,83.33333333
Gerardo Parra,11.28689291,FALSE,2016,29,FALSE,155,589,14,83,51,0.290676416,0.328205128,0.45155393,8,159,0.779759058,8553,150,574,9,64,40,0.260869565,0.308098591,0.368620037,10,138,0.676718628,77.77777778,56.25
Brian Dozier,10.69859948,FALSE,2019,32,FALSE,151,632,21,81,72,0.215189873,0.305379746,0.390596745,12,119,0.695976491,9810,152,705,34,106,93,0.270664505,0.358865248,0.497568881,11,167,0.856434129,80,69.56521739
Eddie Rosario,9.874192572,FALSE,2022,30,TRUE,111,412,14,42,62,0.258575197,0.304878048,0.4353562,4,98,0.740234248,12155,137,590,32,91,109,0.275800711,0.3,0.5,10,155,0.8,78.57142857,75
Jason Heyward,9,FALSE,2024,34,TRUE,124,377,15,56,40,0.269461077,0.339572192,0.473053892,7,90,0.812626084,4940,48,151,1,15,10,0.204379562,0.278145695,0.277372262,3,28,0.555517957,50,100
Kevin Kiermaier,8.948090961,FALSE,2023,33,FALSE,63,221,7,28,22,0.228155339,0.280542986,0.368932038,2,47,0.649475024,11038,122,390,4,54,37,0.258620689,0.328205128,0.387931034,4,90,0.716136162,85.71428571,64.28571429
Michael Saunders,10.53991903,FALSE,2017,30,FALSE,140,558,24,70,57,0.253061224,0.337522441,0.47755102,14,124,0.815073461,9981,9,36,0,2,3,0.193548387,0.305555555,0.193548387,1,6,0.499103942,33.33333333,0
Robinson Chirinos,9.874192572,TRUE,2022,38,FALSE,45,112,5,13,15,0.226804123,0.324324324,0.453608247,2,22,0.777932571,3142,114,437,17,57,58,0.237704918,0.347126436,0.44262295,11,87,0.789749386,0,33.33333333
Corey Dickerson,10.39175967,FALSE,2020,31,FALSE,78,279,12,33,59,0.303846153,0.340501792,0.565384615,4,79,0.905886407,10762,135,533,13,65,55,0.299603174,0.330206378,0.474206349,14,151,0.804412727,100,72.72727273
Andrew McCutchen,9.325626318,FALSE,2022,35,FALSE,144,574,27,78,80,0.221991701,0.334494773,0.443983402,10,107,0.778478175,9847,59,262,10,45,29,0.255707762,0.377862595,0.456621004,1,56,0.834483599,85.71428571,66.66666667
Brandon Drury,8.450974797,FALSE,2023,30,FALSE,138,568,28,87,87,0.262548262,0.320422535,0.492277992,8,136,0.812700527,11615,51,88,4,7,14,0.273809523,0.306818181,0.476190476,3,23,0.783008657,40,0
Jean Segura,8.450974797,FALSE,2023,33,FALSE,98,387,10,45,33,0.276836158,0.335917312,0.387005649,16,98,0.722922961,5933,131,567,14,76,58,0.289883268,0.348056537,0.435797665,16,149,0.783854202,68.42105263,75
Mike Napoli,9.954367969,FALSE,2017,35,FALSE,150,645,34,92,101,0.238779174,0.33488372,0.464991023,15,133,0.799874743,3057,133,469,18,46,50,0.223587223,0.324093816,0.41031941,11,91,0.734413226,83.33333333,50
Todd Frazier,10.05813108,FALSE,2018,32,FALSE,147,576,27,74,76,0.213080168,0.34375,0.428270042,10,101,0.772020042,785,158,666,40,89,98,0.225423728,0.302255639,0.464406779,11,133,0.766662418,57.14285714,75
Jason Castro,9.564000598,TRUE,2017,30,FALSE,113,376,11,41,32,0.209726443,0.306666666,0.376899696,9,69,0.683566362,8722,104,375,11,38,31,0.210682492,0.282666666,0.364985163,5,71,0.647651829,66.66666667,0
Adam Frazier,7.953858632,FALSE,2023,31,FALSE,156,602,3,61,42,0.238447319,0.301003344,0.310536044,15,129,0.611539388,15223,155,639,5,83,43,0.305025996,0.367924528,0.410745233,10,176,0.778669761,64.70588235,66.66666667
Carlos Gonzalez,9.466476312,FALSE,2018,32,TRUE,136,534,14,72,57,0.261702127,0.33895131,0.423404255,9,123,0.762355565,7287,150,632,25,87,100,0.297945205,0.349683544,0.505136986,10,174,0.85482053,100,50
Ian Desmond,9.850379264,FALSE,2016,30,FALSE,156,641,19,69,62,0.233276157,0.289763779,0.384219554,9,136,0.673983333,6885,154,648,24,73,91,0.254637436,0.313271604,0.430016863,17,151,0.743288467,72.22222222,82.75862069
Jon Jay,9.368816912,FALSE,2017,32,FALSE,90,373,2,49,26,0.291066282,0.338709677,0.389048991,5,101,0.727758668,5227,79,245,1,25,10,0.209523809,0.305785123,0.257142857,7,44,0.56292798,100,0
Kole Calhoun,9.501037416,FALSE,2020,32,FALSE,152,632,33,92,74,0.231884057,0.324881141,0.467391304,14,128,0.792272445,11200,137,552,19,71,57,0.207739307,0.283121597,0.368635437,9,102,0.651757034,80,75
Travis d'Arnaud,9.501037416,TRUE,2020,31,FALSE,103,391,16,52,69,0.25071225,0.31202046,0.433048433,4,88,0.745068893,7739,4,16,1,1,3,0.2,0.25,0.4,0,3,0.65,0,0
Whit Merrifield,8,FALSE,2024,35,FALSE,145,592,11,66,67,0.272394881,0.317567567,0.382084095,15,149,0.699651662,11281,139,550,11,70,58,0.25,0.298181818,0.375,11,126,0.673181818,72.22222222,76.19047619
Yonder Alonso,9.466476312,FALSE,2018,31,FALSE,142,521,28,72,67,0.266075388,0.364683301,0.501108647,9,120,0.865791948,2530,156,532,7,52,56,0.253112033,0.315789473,0.367219917,15,122,0.68300939,100,75
Jurickson Profar,7.70530055,FALSE,2023,30,FALSE,152,658,15,82,58,0.24347826,0.331297709,0.391304347,12,140,0.722602056,10815,137,412,4,47,33,0.226628895,0.329268292,0.320113314,12,80,0.649381606,83.33333333,66.66666667
Isiah Kiner-Falefa,7.5,FALSE,2024,29,FALSE,115,361,6,39,37,0.242331288,0.305555555,0.340490797,12,79,0.646046352,16512,142,531,4,66,48,0.260869565,0.314393939,0.327122153,13,126,0.641516092,73.68421053,84.61538462
Jonathan Schoop,8.915499562,FALSE,2019,27,FALSE,131,501,21,61,61,0.232558139,0.266,0.416490486,11,110,0.682490486,11265,160,675,32,92,105,0.292604501,0.337777777,0.503215434,20,182,0.840993211,50,100
Luis Valbuena,8.783265855,FALSE,2017,31,FALSE,90,342,13,38,40,0.260273972,0.356932153,0.458904109,5,76,0.815836262,4969,132,493,25,62,56,0.223502304,0.310344827,0.437788018,13,97,0.748132845,50,100
Omar Narvaez,7.456742468,TRUE,2023,31,FALSE,84,296,4,21,23,0.20610687,0.291525423,0.305343511,4,54,0.596868934,13338,123,445,11,54,49,0.265984654,0.341573033,0.401534526,13,104,0.743107559,0,0
Tommy Pham,8.22849381,FALSE,2022,34,FALSE,155,561,15,74,49,0.229473684,0.340463458,0.383157894,10,109,0.723621352,2967,145,654,21,77,68,0.273368606,0.368501529,0.449735449,22,155,0.818236978,70,86.20689655
Welington Castillo,8.874821543,TRUE,2018,31,FALSE,96,365,20,44,53,0.281524926,0.323287671,0.48973607,10,96,0.813023741,3256,113,457,14,41,68,0.264423076,0.321663019,0.423076923,5,110,0.744739942,0,100
Wil Myers,7.456742468,FALSE,2023,32,FALSE,77,286,7,29,41,0.260536398,0.314685314,0.398467432,7,68,0.713152746,10047,146,500,17,56,63,0.255656108,0.334,0.43438914,9,113,0.76838914,66.66666667,61.53846154
Aledmys Diaz,7.208184385,FALSE,2023,32,FALSE,92,327,12,35,38,0.24262295,0.287461773,0.403278688,7,74,0.690740461,15937,84,319,8,28,45,0.258503401,0.31661442,0.404761904,7,76,0.721376324,50,0
Logan Morrison,8.578994158,FALSE,2018,30,FALSE,149,601,38,75,85,0.24609375,0.352745424,0.515625,12,126,0.868370424,9205,107,398,14,45,43,0.237960339,0.319095477,0.413597733,4,84,0.73269321,100,66.66666667
Adam Duvall,6.959626303,FALSE,2023,34,FALSE,86,315,12,39,36,0.212543554,0.276190476,0.400696864,2,61,0.67688734,10950,146,555,38,67,113,0.228070175,0.281081081,0.49122807,7,117,0.772309151,0,100
AJ Pollock,6.959626303,FALSE,2023,35,FALSE,138,527,14,61,56,0.245398773,0.292220113,0.388548057,13,120,0.68076817,9256,117,422,21,53,69,0.296875,0.355450236,0.536458333,4,114,0.891908569,75,90
Chase Utley,8.619081856,FALSE,2016,37,TRUE,107,423,8,37,39,0.211796246,0.286052009,0.343163538,7,79,0.629215547,1679,155,664,11,74,78,0.269949066,0.338855421,0.407470288,8,159,0.746325709,100,90.90909091
Mike Napoli,8.619081856,FALSE,2016,34,FALSE,133,469,18,46,50,0.223587223,0.324093816,0.41031941,11,91,0.734413226,3057,119,500,17,49,55,0.248192771,0.37,0.419277108,12,103,0.789277108,50,60
Jason Castro,8.135263287,TRUE,2020,33,FALSE,79,275,13,39,30,0.23206751,0.332116788,0.434599156,0,55,0.766715944,8722,19,74,1,4,3,0.142857142,0.256756756,0.238095238,2,9,0.494851994,0,0
Robinson Chirinos,8.01650032,TRUE,2020,36,FALSE,114,437,17,57,58,0.237704918,0.347126436,0.44262295,11,87,0.789749386,3142,113,426,18,48,65,0.222222222,0.338028169,0.419444444,7,80,0.757472613,33.33333333,100
Carlos Santana,6.686212413,FALSE,2023,37,FALSE,131,506,19,52,60,0.201856148,0.316205533,0.375870069,9,87,0.692075602,2396,158,659,19,66,69,0.214159292,0.318664643,0.34159292,12,121,0.660257563,0,100
Chris Young,8.003433152,FALSE,2016,32,FALSE,140,356,14,53,42,0.251572327,0.320113314,0.452830188,6,80,0.772943502,3882,111,366,11,40,38,0.221538461,0.298630136,0.384615384,3,72,0.68324552,75,72.72727273
David Peralta,6.462510139,FALSE,2023,35,FALSE,134,490,12,39,59,0.250569476,0.31632653,0.414578587,8,110,0.730905117,2136,150,538,8,57,63,0.258726899,0.32527881,0.402464065,9,126,0.727742875,25,66.66666667
Hunter Renfroe,6.5,FALSE,2024,32,FALSE,140,548,20,60,60,0.232931726,0.297445255,0.41566265,15,116,0.713107905,15464,125,522,29,62,72,0.255274261,0.315384615,0.491561181,11,121,0.806945796,0,50
Jonathan Lucroy,7.691512004,TRUE,2018,32,FALSE,123,481,6,45,40,0.264775413,0.345114345,0.371158392,16,112,0.716272737,7870,142,544,24,67,81,0.291836734,0.354779411,0.5,16,143,0.854779411,100,100
Mike Moustakas,7.691512004,FALSE,2018,29,TRUE,148,598,38,75,85,0.272072072,0.31438127,0.52072072,18,151,0.83510199,4892,27,113,7,12,13,0.240384615,0.300884955,0.5,5,25,0.800884955,0,0
Mitch Moreland,7.691512004,FALSE,2018,32,TRUE,149,576,22,73,79,0.246062992,0.326388888,0.442913385,14,125,0.769302273,3086,147,503,22,49,60,0.232608695,0.298210735,0.42173913,8,107,0.719949865,0,100
Yan Gomes,7.131361302,TRUE,2022,34,FALSE,103,375,14,49,52,0.252148997,0.301333333,0.421203438,15,88,0.722536771,9627,97,358,12,36,43,0.222929936,0.315642458,0.388535031,7,70,0.704177489,0,100
Howie Kendrick,7.422685481,FALSE,2020,36,TRUE,121,370,17,61,62,0.344311377,0.394594594,0.571856287,11,115,0.966450881,4229,40,160,4,17,12,0.302631578,0.33125,0.47368421,6,46,0.80493421,66.66666667,50
Jeff Mathis,7.429582969,TRUE,2019,36,FALSE,69,218,1,15,20,0.2,0.2718894,0.271794871,7,39,0.543684271,3448,60,203,2,13,11,0.215053763,0.277227722,0.322580645,6,40,0.599808367,0,100
Steve Pearce,7.319388213,FALSE,2017,34,FALSE,85,302,13,35,35,0.288,0.374,0.492,5,76,0.867,9957,92,325,15,42,40,0.217687074,0.289230769,0.421768707,11,64,0.710999476,0,50
Steve Pearce,7.429582969,FALSE,2019,36,TRUE,76,251,11,35,42,0.28372093,0.378486055,0.511627906,2,61,0.890113961,9957,92,348,13,38,37,0.252396166,0.318965517,0.43769968,11,79,0.756665197,0,0
C.J. Cron,7.24454103,FALSE,2020,30,FALSE,125,499,25,51,78,0.253275109,0.310621242,0.469432314,13,116,0.780053556,12546,140,560,30,68,74,0.253493013,0.323214285,0.493013972,11,127,0.816228257,0,33.33333333
Brandon Moss,7.026612684,FALSE,2017,33,FALSE,128,464,28,66,67,0.225181598,0.299568965,0.484261501,8,93,0.783830466,4467,145,526,19,47,58,0.226012793,0.304182509,0.407249466,12,106,0.711431975,100,0
Joc Pederson,6.582795048,FALSE,2022,30,FALSE,137,481,18,55,61,0.237762237,0.309771309,0.421911421,9,102,0.73168273,11899,149,514,36,83,74,0.248888888,0.3385214,0.537777777,4,112,0.876299177,40,50
Jonathan Villar,6.582795048,FALSE,2022,31,FALSE,142,505,18,63,42,0.248898678,0.322067594,0.416299559,6,113,0.738367153,10071,162,714,24,111,73,0.274143302,0.338959212,0.453271028,8,176,0.79223024,66.66666667,81.63265306
Matt Carpenter,5.965393974,FALSE,2023,37,FALSE,47,154,15,28,37,0.3046875,0.411764705,0.7265625,2,39,1.138327205,8090,130,249,3,18,21,0.169082125,0.305220883,0.275362318,1,35,0.580583201,0,100
Mike Zunino,5.965393974,TRUE,2023,32,FALSE,36,123,5,7,16,0.147826086,0.195121951,0.304347826,2,17,0.499469777,13265,109,375,33,64,62,0.216216216,0.301333333,0.558558558,7,72,0.859891891,0,0
Nick Markakis,7.13239965,FALSE,2019,35,TRUE,162,705,14,78,93,0.29695024,0.365957446,0.439807383,18,185,0.805764829,5930,160,670,8,76,76,0.274873524,0.353731343,0.384485666,16,163,0.738217009,50,0
Rajai Davis,7.026612684,FALSE,2017,36,FALSE,134,495,12,74,48,0.248898678,0.305668016,0.387665198,9,113,0.693333214,3708,112,370,8,55,30,0.258064516,0.306233062,0.439882697,5,88,0.746115759,87.75510204,69.23076923
Starlin Castro,7.125778062,FALSE,2020,30,FALSE,162,676,22,68,86,0.270440251,0.300295857,0.435534591,23,172,0.735830448,4579,154,647,12,76,54,0.278246205,0.329211746,0.399662731,18,165,0.728874477,50,60
Tommy Pham,5.965393974,FALSE,2023,35,FALSE,144,622,17,89,63,0.236462093,0.311897106,0.373646209,20,131,0.685543315,2967,155,561,15,74,49,0.229473684,0.340463458,0.383157894,10,109,0.723621352,72.72727273,70
Victor Caratini,6,TRUE,2024,30,FALSE,62,226,7,23,25,0.258706467,0.327433628,0.383084577,8,52,0.710518205,14968,96,314,9,26,34,0.198529411,0.300319488,0.341911764,11,54,0.642231252,50,0
Alejandro De Aza,7.079960096,FALSE,2016,32,FALSE,114,365,7,51,35,0.261538461,0.333333333,0.421538461,6,85,0.754871794,3371,142,528,8,56,41,0.251572327,0.314285714,0.385744234,7,120,0.700029948,58.33333333,62.96296296
Pedro Alvarez,7.079960096,FALSE,2016,29,FALSE,150,491,27,60,77,0.242562929,0.31771894,0.469107551,6,106,0.786826491,2495,122,445,18,46,56,0.231155778,0.31235955,0.404522613,12,92,0.716882163,100,72.72727273
Robinson Chirinos,6.835216331,TRUE,2019,35,FALSE,113,426,18,48,65,0.222222222,0.338028169,0.419444444,7,80,0.757472613,3142,88,309,17,46,38,0.254752851,0.36038961,0.505703422,5,67,0.866093032,100,100
Sean Rodriguez,6.733837156,FALSE,2017,32,FALSE,140,342,18,49,56,0.27,0.348973607,0.51,6,81,0.858973607,6589,139,240,4,25,17,0.245535714,0.280851063,0.361607142,9,55,0.642458205,66.66666667,50
Josh Harrison,6.034228794,FALSE,2022,34,FALSE,138,558,8,58,60,0.27920792,0.341113105,0.4,9,141,0.741113105,8202,36,147,1,10,8,0.175182481,0.217687074,0.262773722,0,24,0.480460796,64.28571429,66.66666667
Leury Garcia,6.034228794,FALSE,2022,31,TRUE,126,474,5,60,54,0.267469879,0.33548387,0.375903614,12,111,0.711387484,5913,140,618,8,93,40,0.279029462,0.309719934,0.377816291,6,161,0.687536225,75,75
Mitch Moreland,6.441061627,FALSE,2017,31,FALSE,147,503,22,49,60,0.232608695,0.298210735,0.42173913,8,107,0.719949865,3086,132,515,23,51,85,0.278131634,0.330097087,0.48195329,9,131,0.812050377,100,100
Nori Aoki,6.772135744,FALSE,2016,34,FALSE,93,392,5,42,26,0.287,0.353,0.38,8,102,0.733,13075,132,549,1,63,43,0.285,0.349,0.36,5,140,0.71,73.68421053,68
Billy Hamilton,6.240849694,FALSE,2019,28,FALSE,153,556,4,74,29,0.236111111,0.299099099,0.327380952,1,119,0.626480051,10199,139,633,4,85,38,0.24742268,0.299363057,0.335051546,5,144,0.634414603,77.27272727,81.94444444
Carlos Santana,5.25,FALSE,2024,38,FALSE,146,619,23,78,86,0.24,0.31825525,0.429090909,11,132,0.747346159,2396,131,506,19,52,60,0.201856148,0.316205533,0.375870069,9,87,0.692075602,100,0
Jordy Mercer,6.240849694,FALSE,2019,32,FALSE,117,436,6,43,39,0.251269035,0.314942528,0.380710659,12,99,0.695653187,6547,145,558,14,52,58,0.254980079,0.326164874,0.406374501,16,128,0.732539375,100,0
Rajai Davis,6.464311392,FALSE,2016,35,FALSE,112,370,8,55,30,0.258064516,0.306233062,0.439882697,5,88,0.746115759,3708,134,494,8,64,51,0.281995661,0.3197556,0.401301518,7,130,0.721057118,69.23076923,76.59574468
Kole Calhoun,5.705089042,FALSE,2022,34,FALSE,51,182,5,17,17,0.234939759,0.296703296,0.373493975,2,39,0.670197271,11200,152,632,33,92,74,0.231884057,0.324881141,0.467391304,14,128,0.792272445,100,80
Andrew McCutchen,5,FALSE,2024,37,TRUE,112,473,12,55,43,0.256410256,0.378435517,0.397435897,8,100,0.775871414,9847,134,580,17,66,69,0.236893203,0.315517241,0.384466019,10,122,0.69998326,78.57142857,57.14285714
Andrew McCutchen,4.971161645,FALSE,2023,36,FALSE,134,580,17,66,69,0.236893203,0.315517241,0.384466019,10,122,0.69998326,9847,144,574,27,78,80,0.221991701,0.334494773,0.443983402,10,107,0.778478175,57.14285714,85.71428571
Austin Hedges,4.971161645,TRUE,2023,30,FALSE,105,338,7,26,30,0.163265306,0.240853658,0.248299319,12,48,0.489152977,12976,88,312,10,32,31,0.178321678,0.219672131,0.307692307,7,51,0.527364438,100,100
Austin Jackson,6.15648704,FALSE,2016,29,FALSE,136,527,9,56,48,0.266802443,0.311068702,0.384928716,5,131,0.695997418,9848,154,656,4,71,47,0.256281407,0.308396946,0.346733668,15,153,0.655130614,62.96296296,76.92307692
Brad Miller,5.48566254,FALSE,2022,32,FALSE,140,377,20,53,49,0.226586102,0.320954907,0.453172205,7,75,0.774127112,12775,79,170,13,26,25,0.259740259,0.329411764,0.564935064,2,40,0.894346828,100,100
Cesar Hernandez,5.938148385,FALSE,2020,30,FALSE,161,667,14,77,71,0.279411764,0.332833583,0.408496732,9,171,0.741330315,10556,161,708,15,91,60,0.252892561,0.356435643,0.361983471,12,153,0.718419114,81.81818182,76
Colby Rasmus,5.85551057,FALSE,2017,30,FALSE,107,417,15,38,54,0.205962059,0.286057692,0.35501355,5,76,0.641071242,9893,137,485,25,67,61,0.238425925,0.314049586,0.474537037,6,103,0.788586623,80,66.66666667
Corey Dickerson,5.48566254,FALSE,2022,33,FALSE,109,365,6,43,29,0.270833333,0.326027397,0.407738095,8,91,0.733765492,10762,78,279,12,33,59,0.303846153,0.340501792,0.565384615,4,79,0.905886407,54.54545455,100
Curtis Granderson,5.916547695,FALSE,2018,37,FALSE,147,527,26,74,64,0.211581291,0.322580645,0.452115812,5,95,0.774696457,4747,150,633,30,88,59,0.236697247,0.334913112,0.464220183,10,129,0.799133295,75,66.66666667
Freddy Galvis,5.943666375,FALSE,2019,29,FALSE,162,656,13,62,67,0.247508305,0.299236641,0.380398671,8,149,0.679635312,6609,162,663,12,71,61,0.25493421,0.308623298,0.381578947,12,155,0.690202245,57.14285714,73.68421053
Jeimer Candelario,4.971161645,FALSE,2023,29,FALSE,124,467,13,49,50,0.216783216,0.271948608,0.361305361,9,93,0.633253969,13621,149,626,16,75,67,0.271095152,0.351437699,0.443447037,10,151,0.794884736,0,0
Joey Gallo,5,FALSE,2024,30,FALSE,111,332,21,39,40,0.177304964,0.301204819,0.439716312,3,50,0.740921131,14128,126,410,19,48,47,0.16,0.280487804,0.357142857,0,56,0.637630661,50,100
Jose Iglesias,5.48566254,FALSE,2022,32,FALSE,137,511,9,65,48,0.271221532,0.309197651,0.391304347,10,131,0.700501998,10231,146,530,11,62,59,0.287698412,0.31758034,0.406746031,17,145,0.724326371,71.42857143,50
Kurt Suzuki,5.943666375,TRUE,2019,35,FALSE,105,388,12,45,50,0.270893371,0.332474226,0.443804034,6,94,0.77627826,8259,81,309,19,38,50,0.282608695,0.35064935,0.536231884,5,78,0.886881234,0,0
Roberto Perez,5.48566254,TRUE,2022,33,FALSE,44,161,7,13,17,0.14893617,0.245283018,0.319148936,1,21,0.564431954,2900,119,449,24,46,63,0.23907455,0.321266968,0.452442159,12,93,0.773709127,100,0
Tim Anderson,5,FALSE,2024,31,FALSE,123,524,1,52,25,0.245436105,0.286259541,0.296146044,15,121,0.582405585,15172,79,351,6,50,25,0.301204819,0.339031339,0.394578313,10,100,0.733609652,86.66666667,100
Todd Frazier,5.938148385,FALSE,2020,34,FALSE,133,499,21,63,67,0.250559284,0.328657314,0.44295302,9,112,0.771610334,785,115,472,18,54,59,0.213235294,0.302966101,0.389705882,10,87,0.692671983,33.33333333,69.23076923
Yan Gomes,5.938148385,TRUE,2020,32,TRUE,97,358,12,36,43,0.222929936,0.315642458,0.388535031,7,70,0.704177489,9627,112,435,16,52,48,0.265508684,0.312643678,0.449131513,4,107,0.761775191,100,0
Jace Peterson,4.722603563,FALSE,2023,33,FALSE,113,328,8,44,34,0.236111111,0.31595092,0.381944444,8,68,0.697895364,12325,94,302,6,36,31,0.247104247,0.347682119,0.366795366,1,64,0.714477485,92.30769231,90.90909091
Steve Pearce,5.848662688,FALSE,2016,33,FALSE,92,325,15,42,40,0.217687074,0.289230769,0.421768707,11,64,0.710999476,9957,102,383,21,51,49,0.292899408,0.373368146,0.556213017,4,99,0.929581163,50,100
Adam Frazier,4.5,FALSE,2024,32,FALSE,141,455,13,59,60,0.240291262,0.3,0.395631067,4,99,0.695631067,15223,156,602,3,61,42,0.238447319,0.301003344,0.310536044,15,129,0.611539388,73.33333333,64.70588235
Donovan Solano,4.937096286,FALSE,2022,34,FALSE,101,344,7,35,31,0.280130293,0.344023323,0.403908794,8,86,0.747932117,8623,81,228,4,27,23,0.330232558,0.359649122,0.455813953,4,71,0.815463075,100,0
Eric Sogard,5.344333547,FALSE,2020,34,FALSE,110,442,13,59,40,0.29040404,0.35307517,0.457070707,4,115,0.810145877,7927,55,113,0,7,2,0.134020618,0.241071428,0.164948453,3,13,0.406019881,100,100
Jonathan Schoop,5.344333547,FALSE,2020,28,FALSE,121,464,23,61,59,0.256351039,0.30387931,0.473441108,13,111,0.777320418,11265,131,501,21,61,61,0.232558139,0.266,0.416490486,11,110,0.682490486,50,50
Michael A. Taylor,4.5,FALSE,2024,33,FALSE,129,388,21,48,51,0.219718309,0.277922077,0.442253521,7,78,0.720175598,11489,124,456,9,49,43,0.253623188,0.31277533,0.357487922,6,105,0.670263252,92.85714286,66.66666667
Chris Iannetta,5.029065541,TRUE,2018,35,FALSE,89,316,17,38,43,0.25367647,0.354430379,0.511029411,3,69,0.86545979,8267,94,338,7,23,24,0.210169491,0.302670623,0.328813559,4,62,0.631484182,0,0
Chris Iannetta,5.233013984,TRUE,2016,33,FALSE,92,317,10,28,34,0.1875,0.293375394,0.334558823,11,51,0.627934217,8267,108,373,7,41,43,0.251633986,0.372654155,0.392156862,3,77,0.764811017,0,100
Kevin Pillar,5.047426127,FALSE,2020,31,FALSE,161,645,21,83,88,0.258592471,0.286821705,0.432078559,15,158,0.718900264,12434,142,542,15,65,59,0.251953125,0.282287822,0.42578125,8,129,0.708069072,73.68421053,82.35294118
Martin Maldonado,4.25,TRUE,2024,37,FALSE,117,407,15,33,36,0.190607734,0.258227848,0.348066298,10,69,0.606294146,6887,113,379,15,40,45,0.186046511,0.248,0.351744186,6,64,0.599744186,0,0
Wilmer Flores,5.052116419,FALSE,2019,27,FALSE,126,429,11,43,51,0.266839378,0.319347319,0.417098445,8,103,0.736445764,5827,110,362,18,42,52,0.270833333,0.306629834,0.488095238,14,91,0.794725072,0,50
Austin Romine,4.92866316,TRUE,2020,31,FALSE,73,240,8,29,35,0.280701754,0.30962343,0.438596491,7,64,0.748219921,5491,77,265,10,30,42,0.243801652,0.295454545,0.417355371,10,59,0.712809916,50,100
Alex Avila,4.881151848,TRUE,2018,31,FALSE,112,376,14,41,49,0.263665594,0.386666666,0.446945337,10,82,0.833612003,7476,57,209,7,19,11,0.213017751,0.358851674,0.372781065,3,36,0.731632739,0,0
Alex Gordon,4.750518708,FALSE,2020,36,TRUE,150,633,13,77,76,0.26618705,0.344936708,0.395683453,13,148,0.740620161,5209,141,568,13,56,54,0.245059288,0.323943661,0.369565217,7,124,0.693508878,62.5,85.71428571
Andrelton Simmons,4.388530032,FALSE,2022,32,FALSE,131,451,3,37,31,0.22330097,0.283482142,0.274271844,14,92,0.557753986,10847,103,424,7,47,40,0.263819095,0.308962264,0.364321608,21,105,0.673283872,100,83.33333333
Austin Hedges,4,TRUE,2024,31,FALSE,82,212,1,14,16,0.183783783,0.233830845,0.227027027,7,34,0.460857872,12976,105,338,7,26,30,0.163265306,0.240853658,0.248299319,12,48,0.489152977,100,100
Carlos Gomez,4.733238156,FALSE,2018,32,FALSE,105,426,17,51,51,0.255434782,0.340425531,0.461956521,3,94,0.802382052,4881,118,453,13,45,53,0.231143552,0.297777777,0.384428223,11,95,0.682206,72.22222222,78.26086957
Cesar Hernandez,4.388530032,FALSE,2022,32,FALSE,149,637,21,84,62,0.231578947,0.307692307,0.385964912,11,132,0.693657219,10556,161,667,14,77,71,0.279411764,0.332833583,0.408496732,9,171,0.741330315,50,81.81818182
Dioner Navarro,4.925189632,TRUE,2016,32,FALSE,54,192,5,17,20,0.245614035,0.307291666,0.374269005,0,42,0.681560671,3179,139,520,12,40,69,0.274428274,0.317307692,0.395010395,12,132,0.712318087,0,100
Eduardo Nuñez,4.733238156,FALSE,2018,31,TRUE,114,491,12,60,58,0.312633832,0.340816326,0.460385438,11,146,0.801201764,6848,141,595,16,73,67,0.287522603,0.325463743,0.432188065,8,159,0.757651808,77.41935484,80
Enrique Hernandez,4,FALSE,2024,32,TRUE,140,508,11,57,61,0.236559139,0.289370078,0.356989247,17,110,0.646359325,10472,93,402,6,48,45,0.221606648,0.291044776,0.337950138,11,80,0.628994914,80,0
Eric Thames,4.750518708,FALSE,2020,33,FALSE,149,459,25,67,61,0.247474747,0.346405228,0.505050505,0,98,0.851455733,3711,96,278,16,41,37,0.218623481,0.305755395,0.477732793,3,54,0.783488188,60,100
Evan Longoria,3.976929316,FALSE,2023,37,FALSE,89,298,14,31,42,0.244360902,0.315436241,0.451127819,6,65,0.76656406,9368,81,291,13,45,46,0.260869565,0.350515463,0.482213438,9,66,0.832728901,0,50
Ian Kinsler,4.7549331,FALSE,2019,37,FALSE,128,534,14,66,48,0.240246406,0.301498127,0.379876796,15,117,0.681374923,6195,139,613,22,90,52,0.235934664,0.313213703,0.411978221,9,130,0.725191924,69.56521739,73.68421053
John Jaso,4.925189632,FALSE,2016,32,FALSE,70,216,5,23,22,0.286486486,0.379629629,0.459459459,5,53,0.839089088,5887,99,344,9,42,40,0.263843648,0.337209302,0.429967426,5,81,0.767176728,33.33333333,100
Jon Jay,4.7549331,FALSE,2019,34,FALSE,143,586,3,74,40,0.267552182,0.330464716,0.347248576,11,141,0.677713292,5227,141,433,2,65,34,0.295514511,0.374418604,0.374670184,11,112,0.749088788,57.14285714,75
Juan Uribe,4.925189632,FALSE,2016,37,FALSE,119,397,14,40,43,0.252777777,0.319899244,0.416666666,12,91,0.73656591,454,103,404,9,36,54,0.310880829,0.336633663,0.440414507,15,120,0.77704817,100,0
Manny PiÃ±a,4.388530032,TRUE,2022,35,FALSE,75,208,13,27,33,0.188888888,0.29326923,0.438888888,4,34,0.732158118,2829,76,179,7,10,25,0.227848101,0.312849162,0.411392405,1,36,0.724241567,0,0
Matt Adams,4.7549331,FALSE,2019,30,FALSE,121,337,21,42,57,0.238562091,0.308605341,0.477124183,6,73,0.785729524,9393,131,367,20,46,65,0.274336283,0.318801089,0.522123893,5,93,0.840924982,0,0
Matt Adams,4.733238156,FALSE,2018,29,FALSE,131,367,20,46,65,0.274336283,0.318801089,0.522123893,5,93,0.840924982,9393,118,327,16,37,54,0.249158249,0.308868501,0.471380471,5,74,0.780248972,0,0
Neil Walker,4.733238156,FALSE,2018,32,FALSE,111,448,14,59,49,0.264935064,0.362416107,0.438961038,9,102,0.801377145,7539,113,458,23,57,55,0.281553398,0.347161572,0.475728155,11,116,0.822889727,0,75
Travis Shaw,4.750518708,FALSE,2020,30,FALSE,86,270,7,22,16,0.156521739,0.281481481,0.269565217,5,36,0.551046698,11982,152,587,32,73,86,0.240963855,0.344709897,0.479919678,7,120,0.824629575,0,71.42857143
Jarrod Dyson,4.437410771,FALSE,2018,33,FALSE,111,390,5,56,30,0.251445086,0.323834196,0.349710982,3,87,0.673545178,4866,107,337,1,46,25,0.277591973,0.340425531,0.387959866,4,83,0.728385397,80,81.08108108
Asdrubal Cabrera,4.160566462,FALSE,2019,33,FALSE,147,592,23,68,75,0.261904761,0.315878378,0.457875457,16,143,0.773753835,4962,135,540,14,66,59,0.279749478,0.35064935,0.434237995,19,134,0.784887345,0,60
Avisail Garcia,4.160566462,FALSE,2019,28,FALSE,93,385,19,47,49,0.235955056,0.28051948,0.438202247,9,84,0.718721727,5760,136,561,18,75,80,0.33011583,0.379679144,0.505791505,14,171,0.885470649,75,62.5
Brian Anderson,3.479813152,FALSE,2023,30,FALSE,98,383,8,43,28,0.221893491,0.31070496,0.346153846,7,75,0.656858806,18289,67,264,7,24,28,0.248927038,0.337121212,0.377682403,4,58,0.714803615,100,100
Chris Carter,4.098857399,FALSE,2017,30,FALSE,160,644,41,84,94,0.222222222,0.321428571,0.499089253,18,122,0.820517824,9911,129,460,24,50,64,0.199488491,0.307189542,0.427109974,5,78,0.734299516,75,33.33333333
Howie Kendrick,4.141583387,FALSE,2018,34,TRUE,91,334,9,40,41,0.314754098,0.368263473,0.475409836,8,96,0.843673309,4229,146,543,8,65,40,0.254620123,0.32596685,0.36550308,20,124,0.69146993,70.58823529,83.33333333
Jason Castro ,3.5,TRUE,2021,34,FALSE,27,92,2,8,9,0.188,0.293,0.375,2,15,0.668,8722,79,275,13,39,30,0.23206751,0.332116788,0.434599156,0,55,0.766715944,0,0
Lucas Duda,4.141583387,FALSE,2018,32,FALSE,127,491,30,50,64,0.217494089,0.32179226,0.4964539,9,92,0.81824616,2502,47,172,7,20,23,0.228758169,0.302325581,0.411764705,1,35,0.714090286,0,0
Martin Maldonado,4.15670387,TRUE,2020,33,TRUE,105,374,12,46,27,0.213213213,0.293010752,0.378378378,11,71,0.67138913,6887,119,404,9,39,44,0.225201072,0.276119402,0.351206434,8,84,0.627325836,0,0
Stephen Drew,4.098857399,FALSE,2017,34,TRUE,70,165,8,24,21,0.265734265,0.339393939,0.524475524,3,38,0.863869463,4251,131,428,17,43,44,0.201044386,0.271226415,0.381201044,7,77,0.652427459,0,0
Jonathan Lucroy,3.982256471,TRUE,2019,33,FALSE,126,454,4,41,51,0.240963855,0.291390728,0.325301204,12,100,0.616691932,7870,123,481,6,45,40,0.264775413,0.345114345,0.371158392,16,112,0.716272737,0,100
Cameron Maybin,3.845756002,FALSE,2018,31,FALSE,114,450,10,63,35,0.227848101,0.318485523,0.364556962,12,90,0.683042485,5223,94,391,4,65,43,0.315186246,0.383033419,0.418338108,8,110,0.801371527,80.48780488,71.42857143
Curt Casali,3.231255069,TRUE,2023,34,FALSE,57,176,5,20,17,0.202702702,0.318181818,0.331081081,1,30,0.649262899,12510,77,231,5,20,26,0.21,0.313043478,0.35,3,42,0.663043478,0,0
Tucker Barnhart,3.25,TRUE,2024,33,FALSE,47,123,1,6,9,0.201834862,0.284552845,0.256880733,4,22,0.541433578,10200,94,308,1,16,16,0.220640569,0.286644951,0.266903914,7,62,0.553548865,100,0
Tucker Barnhart,3.231255069,TRUE,2023,32,FALSE,94,308,1,16,16,0.220640569,0.286644951,0.266903914,7,62,0.553548865,10200,116,388,7,41,48,0.247126436,0.317010309,0.367816091,8,86,0.6848264,0,0
Rowdy Tellez,3.2,FALSE,2024,29,FALSE,106,351,13,26,47,0.215434083,0.29059829,0.376205787,11,67,0.666804077,15679,153,599,35,67,89,0.219281663,0.305509181,0.461247637,20,116,0.766756818,0,66.66666667
Wilmer Flores,3.711342741,FALSE,2020,28,FALSE,89,285,9,31,37,0.316981132,0.361403508,0.486792452,9,84,0.84819596,5827,126,429,11,43,51,0.266839378,0.319347319,0.417098445,8,103,0.736445764,0,0
Adam Duvall,3,FALSE,2024,35,FALSE,92,353,21,45,58,0.246875,0.303116147,0.53125,0,79,0.834366147,10950,86,315,12,39,36,0.212543554,0.276190476,0.400696864,2,61,0.67688734,100,0
Adam Jones,3.566199825,FALSE,2019,33,FALSE,145,613,15,54,63,0.281034482,0.313213703,0.418965517,21,163,0.73217922,6368,147,635,26,82,73,0.284757118,0.321766561,0.465661641,18,170,0.787428202,87.5,66.66666667
Andres Blanco,3.513306342,FALSE,2017,33,TRUE,90,209,4,26,21,0.252631578,0.315789473,0.405263157,7,48,0.72105263,1907,106,261,7,32,25,0.291845493,0.360465116,0.502145922,11,68,0.862611038,40,50
Colby Rasmus,3.549928617,FALSE,2018,31,FALSE,37,129,9,17,23,0.280991735,0.317829457,0.578512396,1,34,0.896341853,9893,107,417,15,38,54,0.205962059,0.286057692,0.35501355,5,76,0.641071242,100,80
David Freese,3.693892224,FALSE,2016,33,FALSE,121,470,14,53,56,0.257075471,0.323404255,0.41981132,12,109,0.743215575,9549,134,511,10,53,55,0.259740259,0.320939334,0.383116883,10,120,0.704056217,50,25
Elvis Andrus,2.982696987,FALSE,2023,34,TRUE,149,577,17,66,58,0.24859813,0.303292894,0.403738317,11,133,0.707031211,8709,146,541,3,60,37,0.243460764,0.293680297,0.319919517,14,121,0.613599814,81.81818182,85.71428571
Gary Sanchez,3,TRUE,2024,31,FALSE,75,267,19,33,47,0.216666666,0.288389513,0.491666666,3,52,0.780056179,11442,128,471,16,42,61,0.205250596,0.282377919,0.377088305,12,86,0.659466224,0,100
Hunter Pence,3.562889031,FALSE,2020,37,FALSE,83,316,18,53,59,0.297202797,0.357594936,0.552447552,2,85,0.910042488,8252,97,248,4,19,24,0.225531914,0.258064516,0.331914893,1,53,0.589979409,85.71428571,83.33333333
Jesus Aguilar,2.982696987,FALSE,2023,33,FALSE,129,507,16,39,51,0.234913793,0.281437125,0.379310344,8,109,0.660747469,11342,131,510,22,49,93,0.260579064,0.328712871,0.458797327,11,117,0.787510198,100,0
Jon Jay,3.549928617,FALSE,2018,33,FALSE,141,433,2,65,34,0.295514511,0.374418604,0.374670184,11,112,0.749088788,5227,90,373,2,49,26,0.291066282,0.338709677,0.389048991,5,101,0.727758668,75,100
Jose Iglesias,3.562889031,FALSE,2020,30,FALSE,146,530,11,62,59,0.287698412,0.31758034,0.406746031,17,145,0.724326371,10231,125,464,5,43,48,0.268518518,0.310195227,0.388888888,11,116,0.699084115,50,71.42857143
Kevin Pillar,2.982696987,FALSE,2023,34,FALSE,4,13,0,1,0,0.083333333,0.153846153,0.166666666,1,1,0.320512819,12434,124,347,15,40,47,0.23076923,0.27665706,0.415384615,5,75,0.692041675,0,57.14285714
Mitch Moreland,3.562889031,FALSE,2020,34,TRUE,91,335,19,48,58,0.251677852,0.328358208,0.506711409,12,75,0.835069617,3086,124,459,15,57,68,0.245049504,0.324618736,0.433168316,12,99,0.757787052,100,100
Stephen Drew,3.693892224,FALSE,2016,33,FALSE,131,428,17,43,44,0.201044386,0.271226415,0.381201044,7,77,0.652427459,4251,85,300,7,18,26,0.162361623,0.236666666,0.298892988,1,44,0.535559654,0,50
Stephen Vogt,3.562889031,TRUE,2020,35,FALSE,99,280,10,30,40,0.262745098,0.314285714,0.490196078,1,67,0.804481792,5000,99,303,12,25,40,0.233,0.285,0.423,2,65,0.708,75,0
Maikel Franco,3.503507547,FALSE,2020,27,FALSE,123,428,17,48,56,0.233933161,0.296728971,0.408740359,14,91,0.70546933,12179,131,465,22,48,68,0.270207852,0.313978494,0.466512702,15,117,0.780491196,0,100
Joe Panik,3.384744579,FALSE,2020,29,FALSE,142,491,5,50,39,0.244292237,0.314928425,0.335616438,6,107,0.650544863,11936,102,392,4,38,24,0.254189944,0.30690537,0.332402234,10,91,0.639307604,66.66666667,66.66666667
Jose Peraza,3.384744579,FALSE,2020,26,FALSE,141,403,6,37,33,0.239361702,0.285359801,0.34574468,9,90,0.631104481,13593,157,683,14,85,58,0.287974683,0.325925925,0.41613924,12,182,0.742065165,53.84615385,79.31034483
Geovany Soto,3.447632742,FALSE,2016,33,FALSE,78,210,9,20,21,0.219251336,0.301435406,0.406417112,2,41,0.707852518,3707,24,87,1,8,11,0.25,0.302325581,0.3625,6,20,0.664825581,0,0
Rene Rivera,3.313266709,TRUE,2018,34,FALSE,74,237,10,23,35,0.252293577,0.305084745,0.43119266,4,55,0.736277405,3648,65,207,6,12,26,0.221621621,0.291262135,0.34054054,4,41,0.631802675,0,0
Tyler Flowers,3.262938131,TRUE,2016,30,FALSE,112,361,9,21,39,0.238670694,0.295264623,0.356495468,8,79,0.651760091,9134,127,442,15,42,50,0.24078624,0.297052154,0.395577395,10,98,0.692629549,0,0
Franklin Gutierrez,3.044865496,FALSE,2017,34,FALSE,98,283,14,33,39,0.245967741,0.328621908,0.451612903,6,61,0.780234811,3255,59,189,15,27,35,0.29239766,0.354497354,0.61988304,5,50,0.974380394,100,0
Mark Reynolds,3.201373261,FALSE,2016,32,FALSE,140,432,13,35,48,0.230366492,0.314814814,0.397905759,10,88,0.712720573,7619,130,433,22,47,45,0.195767195,0.287037037,0.394179894,8,74,0.681216931,40,83.33333333
A.J. Ellis,2.927755285,TRUE,2017,36,FALSE,64,196,2,11,22,0.216374269,0.300518134,0.298245614,5,37,0.598763748,5677,63,217,7,24,21,0.23756906,0.355140186,0.403314917,4,43,0.758455103,66.66666667,0
Albert Pujols,2.74283127,FALSE,2022,42,FALSE,109,296,17,29,50,0.236363636,0.283783783,0.432727272,14,65,0.716511055,1177,131,545,23,55,93,0.244399185,0.304587155,0.429735234,21,120,0.734322389,100,100
Alcides Escobar,2.958273847,FALSE,2018,31,TRUE,162,629,6,71,54,0.250417362,0.27170418,0.357262103,14,150,0.628966283,6310,162,682,7,57,55,0.260596546,0.291666666,0.350078492,16,166,0.641745158,36.36363636,80.95238095
Alex Avila,3.07824352,TRUE,2016,29,FALSE,67,219,4,21,13,0.191011235,0.339449541,0.286516853,4,34,0.625966394,7476,124,457,11,44,47,0.217948717,0.326754385,0.358974358,6,85,0.685728743,0,0
Asdrubal Cabrera,2.969074193,FALSE,2020,34,TRUE,131,514,18,69,91,0.259507829,0.342412451,0.440715883,9,116,0.783128334,4962,147,592,23,68,75,0.261904761,0.315878378,0.457875457,16,143,0.773753835,100,0
Brayan Peña,3.07824352,TRUE,2016,34,FALSE,108,367,0,17,18,0.273273273,0.334246575,0.324324324,10,91,0.658570899,3231,115,372,5,23,26,0.252873563,0.291105121,0.353448275,8,88,0.644553396,100,40
Chris Carter,3.07824352,FALSE,2016,29,FALSE,129,460,24,50,64,0.199488491,0.307189542,0.427109974,5,78,0.734299516,9911,145,572,37,68,88,0.226824457,0.307692307,0.49112426,12,115,0.798816567,33.33333333,71.42857143
Daniel Descalso,2.971833187,FALSE,2019,32,FALSE,138,423,13,54,57,0.237822349,0.353080568,0.435530085,2,83,0.788610653,8392,131,398,10,47,51,0.232558139,0.331658291,0.395348837,6,80,0.727007128,0,100
James McCann,2.971833187,TRUE,2019,29,FALSE,118,457,8,31,39,0.220140515,0.266958424,0.31381733,9,94,0.580775754,12859,106,391,13,39,49,0.252840909,0.317948717,0.414772727,8,89,0.732721444,0,100
Justin Bour,2.971833187,FALSE,2019,31,FALSE,141,501,20,49,59,0.226950354,0.341317365,0.404255319,10,96,0.745572684,9744,108,429,25,52,83,0.289124668,0.365967365,0.535809018,10,109,0.901776383,100,100
Logan Morrison,2.927755285,FALSE,2017,29,TRUE,107,398,14,45,43,0.237960339,0.319095477,0.413597733,4,84,0.73269321,9205,146,511,17,47,54,0.225382932,0.301960784,0.382932166,7,103,0.68489295,66.66666667,66.66666667
Martin Maldonado,2.971833187,TRUE,2019,32,FALSE,119,404,9,39,44,0.225201072,0.276119402,0.351206434,8,84,0.627325836,6887,138,471,14,43,38,0.221445221,0.276457883,0.368298368,12,95,0.644756251,0,0
Nick Hundley,2.958273847,TRUE,2018,34,TRUE,101,303,9,27,35,0.243902439,0.272425249,0.418118466,6,70,0.690543715,3376,83,317,10,30,48,0.25951557,0.319620253,0.439446366,12,75,0.759066619,0,0
Sean Rodriguez,3.07824352,FALSE,2016,31,TRUE,139,240,4,25,17,0.245535714,0.280851063,0.361607142,9,55,0.642458205,6589,96,259,12,30,41,0.210970464,0.2578125,0.443037974,3,50,0.700850474,50,66.66666667
Yasmani Grandal,2.5,TRUE,2024,35,FALSE,118,405,8,33,33,0.234159779,0.308641975,0.338842975,11,85,0.64748495,11368,99,376,5,15,27,0.201834862,0.300531914,0.269113149,8,66,0.569645063,0,100
Eric Sogard,2.839942894,FALSE,2018,32,TRUE,94,299,3,37,18,0.273092369,0.392617449,0.37751004,7,68,0.770127489,7927,94,299,3,37,18,0.273092369,0.392617449,0.37751004,7,68,0.770127489,50,50
Corey Dickerson,2.23702274,FALSE,2023,34,FALSE,97,297,6,28,36,0.266903914,0.299663299,0.398576512,4,75,0.698239811,10762,109,365,6,43,29,0.270833333,0.326027397,0.407738095,8,91,0.733765492,0,54.54545455
Dustin Ackley,2.634979757,FALSE,2017,29,FALSE,28,70,0,6,4,0.147540983,0.242857142,0.147540983,0,9,0.390398125,10099,108,264,10,28,30,0.231092436,0.283524904,0.428571428,3,55,0.712096332,0,50
Niko Goodrum,2.303978267,FALSE,2022,30,FALSE,90,325,9,39,33,0.213793103,0.292307692,0.358620689,6,62,0.650928381,12092,112,472,12,61,45,0.24822695,0.322033898,0.420803782,7,105,0.74283768,73.68421053,80
Alex Avila,2.342204228,TRUE,2017,30,FALSE,57,209,7,19,11,0.213017751,0.358851674,0.372781065,3,36,0.731632739,7476,67,219,4,21,13,0.191011235,0.339449541,0.286516853,4,34,0.625966394,0,0
Brad Miller,2.375259354,FALSE,2020,30,FALSE,79,170,13,26,25,0.259740259,0.329411764,0.564935064,2,40,0.894346828,12775,75,254,7,21,29,0.247826086,0.311023622,0.413043478,4,57,0.7240671,100,0
Brandon Crawford,2,FALSE,2024,37,FALSE,94,320,7,31,38,0.194346289,0.272727272,0.314487632,5,55,0.587214904,5343,118,458,9,50,52,0.23095823,0.307860262,0.343980343,12,94,0.651840605,100,50
Brian Anderson,2,FALSE,2024,31,FALSE,96,361,9,38,40,0.226415094,0.310249307,0.367924528,10,72,0.678173835,18289,98,383,8,43,28,0.221893491,0.31070496,0.346153846,7,75,0.656858806,25,100
Brian McCann,2.37746655,TRUE,2019,35,FALSE,63,216,7,22,23,0.211640211,0.300925925,0.338624338,7,40,0.639550263,4810,97,399,18,47,62,0.240687679,0.32330827,0.435530085,9,84,0.758838355,0,100
Chase Utley,2.342204228,FALSE,2017,38,TRUE,138,565,14,79,52,0.251953125,0.319148936,0.396484375,0,129,0.715633311,1679,107,423,8,37,39,0.211796246,0.286052009,0.343163538,7,79,0.629215547,50,100
Chris Young,2.366619078,FALSE,2018,34,FALSE,90,276,7,30,25,0.234567901,0.322463768,0.386831275,4,57,0.709295043,3882,76,227,9,29,24,0.275862068,0.352422907,0.497536945,4,56,0.849959852,60,66.66666667
Daniel Vogelbach,2,FALSE,2024,31,FALSE,104,319,13,33,48,0.232727272,0.338557993,0.403636363,6,64,0.742194356,14130,130,461,18,47,59,0.238341968,0.360086767,0.432642487,11,92,0.792729254,0,0
Dominic Smith,1.988464658,FALSE,2023,28,FALSE,58,152,0,11,17,0.19402985,0.276315789,0.283582089,0,26,0.559897878,15653,145,493,11,43,58,0.244394618,0.304259634,0.363228699,13,109,0.667488333,0,66.66666667
Donovan Solano,1.988464658,FALSE,2023,35,FALSE,80,304,4,22,24,0.284172661,0.338815789,0.384892086,5,79,0.723707875,8623,101,344,7,35,31,0.280130293,0.344023323,0.403908794,8,86,0.747932117,0,100
Francisco Cervelli,2.375259354,TRUE,2020,34,FALSE,48,160,3,15,12,0.212765957,0.301886792,0.34751773,7,30,0.649404522,5275,104,404,12,39,57,0.259036144,0.378109452,0.430722891,7,86,0.808832343,100,40
Franmil Reyes,1.988464658,FALSE,2023,27,FALSE,118,473,14,43,47,0.221461187,0.272727272,0.365296803,12,97,0.638024075,14566,115,466,30,57,85,0.253588516,0.324034334,0.5215311,13,106,0.845565434,66.66666667,80
Garrett Hampson,2,FALSE,2024,29,FALSE,98,252,3,30,23,0.276018099,0.34939759,0.380090497,3,61,0.729488087,19262,90,226,2,29,15,0.211055276,0.286995515,0.306532663,3,42,0.593528178,100,85.71428571
Jacob Stallings,2,TRUE,2024,34,FALSE,89,276,3,22,20,0.190871369,0.278388278,0.286307053,9,46,0.564695331,13723,114,384,4,25,34,0.222543352,0.292428198,0.291907514,15,77,0.584335712,0,0
Jarrod Dyson,2.375259354,FALSE,2020,35,FALSE,130,452,7,65,27,0.23,0.31263858,0.32,1,92,0.63263858,4866,67,237,2,29,12,0.189320388,0.282051282,0.257281553,3,39,0.539332835,88.23529412,84.21052632
Jedd Gyorko,2.375259354,FALSE,2020,31,FALSE,62,101,2,6,9,0.173913043,0.247524752,0.25,3,16,0.497524752,10816,125,402,11,49,47,0.262108262,0.345771144,0.415954415,12,92,0.761725559,100,100
Jeff Mathis,2.342204228,TRUE,2017,34,FALSE,41,132,2,12,15,0.238095238,0.267175572,0.333333333,1,30,0.600508905,3448,32,103,2,9,12,0.161290322,0.213592233,0.29032258,2,15,0.503914813,0,0
Jimmy Rollins,2.462594816,FALSE,2016,37,FALSE,144,563,13,71,41,0.224371373,0.284697508,0.357833655,12,116,0.642531163,971,138,609,17,78,55,0.243494423,0.323432343,0.394052044,6,131,0.717484387,60,82.35294118
Joey Wendle,2,FALSE,2024,34,FALSE,112,318,2,33,20,0.212121212,0.247619047,0.306397306,8,63,0.554016353,13853,101,371,3,27,32,0.259365994,0.297297297,0.360230547,7,90,0.657527844,87.5,80
Jose Reyes,2.366619078,FALSE,2018,35,TRUE,145,561,15,75,58,0.245508982,0.314748201,0.413173652,3,123,0.727921853,1736,60,279,8,45,24,0.266666666,0.326164874,0.443137254,3,68,0.769302128,80,81.81818182
Josh Harrison,2.37746655,FALSE,2019,31,FALSE,97,374,8,41,37,0.25,0.293010752,0.363372093,8,86,0.656382845,8202,128,542,16,66,47,0.271604938,0.338888888,0.432098765,5,132,0.770987653,100,75
Kelly Johnson,2.462594816,FALSE,2016,34,FALSE,111,335,14,38,47,0.264516129,0.314371257,0.43548387,8,82,0.749855127,2234,106,297,7,29,27,0.215094339,0.296296296,0.36226415,3,57,0.658560446,66.66666667,50
Luke Voit,1.988464658,FALSE,2023,32,FALSE,135,568,22,55,69,0.226,0.308098591,0.402,9,113,0.710098591,14811,68,241,11,26,35,0.239436619,0.327800829,0.436619718,12,51,0.764420547,50,0
Matt Carpenter,2.194265016,FALSE,2022,36,FALSE,130,249,3,18,21,0.169082125,0.305220883,0.275362318,1,35,0.580583201,8090,129,492,15,59,46,0.225961538,0.334012219,0.391826923,3,94,0.725839142,100,85.71428571
Matt Wieters,2.375259354,TRUE,2020,34,TRUE,67,183,11,15,27,0.214285714,0.267759562,0.434523809,3,36,0.702283371,4298,76,271,8,24,30,0.238297872,0.329629629,0.374468085,5,56,0.704097714,50,0
Michael Bourn,2.342204228,FALSE,2017,34,TRUE,113,413,5,48,38,0.264,0.313580246,0.370666666,3,99,0.684246912,6387,141,482,0,39,30,0.237647058,0.310126582,0.282352941,5,101,0.592479523,75,70.83333333
Mike Aviles,2.462594816,FALSE,2016,35,FALSE,98,317,5,37,17,0.231034482,0.282051282,0.317241379,18,67,0.599292661,5986,113,374,5,38,39,0.247093023,0.272727272,0.343023255,10,85,0.615750527,75,73.68421053
Neil Walker,2.37746655,FALSE,2019,33,FALSE,113,398,11,48,46,0.219020172,0.309045226,0.354466858,3,76,0.663512084,7539,111,448,14,59,49,0.264935064,0.362416107,0.438961038,9,102,0.801377145,0,0
Nick Hundley,2.342204228,TRUE,2017,33,FALSE,83,317,10,30,48,0.25951557,0.319620253,0.439446366,12,75,0.759066619,3376,103,389,10,45,43,0.300546448,0.339331619,0.467213114,8,110,0.806544733,0,45.45454545
Nick Senzel,2,FALSE,2024,29,FALSE,104,330,13,49,42,0.235880398,0.296969696,0.398671096,9,71,0.695640792,19293,110,420,5,45,25,0.230563002,0.29584352,0.305630026,7,86,0.601473546,75,61.53846154
Pedro Alvarez,2.342204228,FALSE,2017,30,TRUE,109,376,22,43,49,0.24925816,0.32180851,0.504451038,6,84,0.826259548,2495,150,491,27,60,77,0.242562929,0.31771894,0.469107551,6,106,0.786826491,100,100
Randal Grichuk,2,FALSE,2024,32,FALSE,118,471,16,65,44,0.267281105,0.320594479,0.458525345,11,116,0.779119824,10243,141,538,19,60,73,0.25889328,0.299256505,0.424901185,12,131,0.72415769,50,100
Robbie Grossman,1.988464658,FALSE,2023,33,FALSE,129,477,7,40,45,0.209245742,0.310272536,0.311435523,3,86,0.621708059,5254,156,671,23,88,67,0.238779174,0.357249626,0.414721723,8,133,0.771971349,75,80
Robbie Grossman,2.37746655,FALSE,2019,29,FALSE,129,465,5,50,48,0.272727272,0.367170626,0.383838383,2,108,0.751009009,5254,119,456,9,62,45,0.246073298,0.36123348,0.379581151,6,94,0.740814631,0,75
Ryan Zimmerman,2.375259354,FALSE,2020,35,TRUE,52,190,6,20,27,0.257309941,0.321052631,0.415204678,4,44,0.736257309,4220,85,323,13,33,51,0.263888888,0.3374613,0.486111111,10,76,0.823572411,0,50
Drew Butera,2.225094017,TRUE,2017,33,TRUE,56,133,4,18,16,0.284552845,0.328244274,0.479674796,2,35,0.80791907,3411,55,120,1,9,5,0.196261682,0.252173913,0.252336448,0,21,0.504510361,0,0
Pedro Severino,2.084551765,TRUE,2022,28,FALSE,113,419,11,32,46,0.248021108,0.307875894,0.382585751,9,94,0.690461645,14523,96,341,13,37,44,0.249180327,0.320588235,0.419672131,5,76,0.740260366,0,75
Cliff Pennington,2.30868264,FALSE,2016,32,FALSE,105,249,3,24,21,0.209523809,0.297520661,0.28095238,6,44,0.578473041,3395,68,201,2,21,10,0.254237288,0.34,0.350282485,1,45,0.690282485,100,85.71428571
Brandon Guyer,2.080283231,FALSE,2019,33,FALSE,104,221,7,25,27,0.206185567,0.3,0.37113402,5,40,0.67113402,2636,70,192,2,23,20,0.236363636,0.326315789,0.327272727,4,39,0.653588516,50,100
Charlie Culberson,1.919981889,FALSE,2022,33,TRUE,91,271,5,23,22,0.242914979,0.295880149,0.380566801,3,60,0.67644695,3298,108,144,5,14,20,0.259259259,0.293706293,0.437037037,5,35,0.73074333,87.5,0
Daniel Descalso,2.0494287,FALSE,2017,30,FALSE,99,289,8,38,38,0.264,0.349480968,0.424,2,66,0.773480968,8392,101,209,5,22,22,0.205405405,0.282926829,0.324324324,3,38,0.607251153,100,33.33333333
Kurt Suzuki,1.919981889,FALSE,2022,38,TRUE,72,247,6,17,16,0.223744292,0.293877551,0.342465753,7,49,0.636343304,8259,85,309,17,37,63,0.264285714,0.323624595,0.485714285,10,74,0.80933888,0,0
Leonys Martin,2.070791693,FALSE,2018,30,FALSE,49,138,3,14,9,0.171875,0.231884057,0.28125,2,22,0.513134057,11846,143,576,15,72,47,0.247104247,0.305944055,0.378378378,10,128,0.684322433,63.63636364,80
Odubel Herrera,1.919981889,FALSE,2022,30,TRUE,124,492,13,59,51,0.26,0.310204081,0.415555555,6,117,0.725759636,11476,39,139,1,12,16,0.222222222,0.287769784,0.341269841,0,28,0.629039625,85.71428571,50
Paul DeJong,1.75,FALSE,2024,30,FALSE,112,400,14,41,38,0.206989247,0.2575,0.354838709,10,77,0.612338709,18015,77,237,6,19,25,0.157142857,0.244725738,0.285714285,2,33,0.530440023,50,60
Tim Beckham,2.080283231,FALSE,2019,29,FALSE,96,402,12,45,35,0.230352303,0.286783042,0.373983739,10,85,0.660766781,7949,137,575,22,67,62,0.277673545,0.327526132,0.454033771,10,148,0.781559903,33.33333333,54.54545455
Travis Jankowski,1.7,FALSE,2024,33,TRUE,107,287,1,34,30,0.263157894,0.356643356,0.331983805,6,65,0.688627161,13768,44,64,0,11,2,0.163636363,0.28125,0.163636363,0,9,0.444886363,95,100
Hanser Alberto,1.755412013,FALSE,2022,29,FALSE,103,255,2,25,24,0.269709543,0.290836653,0.402489626,1,65,0.693326279,11902,139,550,12,62,51,0.305343511,0.329067641,0.421755725,9,160,0.750823366,75,50
A.J. Pierzynski,1.846946112,TRUE,2016,39,TRUE,113,436,9,38,49,0.299754299,0.339449541,0.429975429,19,122,0.76942497,746,102,362,5,25,37,0.251479289,0.288088642,0.337278106,13,85,0.625366748,0,0
Adam Lind,1.756653171,FALSE,2017,33,FALSE,126,430,20,48,58,0.239401496,0.286046511,0.431421446,14,96,0.717467957,8027,149,572,20,72,87,0.27689243,0.36013986,0.460159362,7,139,0.820299222,0,0
Amed Rosario,1.5,FALSE,2024,28,FALSE,142,545,6,70,58,0.262745098,0.304587155,0.378431372,15,134,0.683018527,15518,153,670,11,86,71,0.282574568,0.311940298,0.403453689,19,180,0.715393987,88.23529412,81.81818182
Cameron Maybin,1.781444516,FALSE,2020,33,FALSE,82,269,11,48,32,0.284518828,0.364312267,0.493723849,5,68,0.858036116,5223,129,384,4,32,28,0.248538011,0.325520833,0.336257309,7,85,0.661778142,60,66.66666667
Domingo Santana,1.781444516,FALSE,2020,27,FALSE,121,507,21,63,69,0.252771618,0.328712871,0.441241685,11,114,0.769954556,10348,85,235,5,21,20,0.265402843,0.327659574,0.412322274,3,56,0.739981848,72.72727273,50
Ehire Adrianza,1.645698762,FALSE,2022,32,FALSE,109,209,5,32,28,0.247252747,0.326923076,0.401098901,4,45,0.728021977,8418,84,236,5,34,22,0.272277227,0.349137931,0.415841584,2,55,0.764979515,0,0
Franklin Gutierrez,1.846946112,FALSE,2016,33,TRUE,59,189,15,27,35,0.29239766,0.354497354,0.61988304,5,50,0.974380394,3255,59,189,15,27,35,0.29239766,0.354497354,0.61988304,5,50,0.974380394,0,0
Garrett Cooper,1.5,FALSE,2024,33,FALSE,123,457,17,42,61,0.251184834,0.304157549,0.419431279,15,106,0.723588828,15279,119,469,9,37,50,0.260869565,0.336886993,0.415458937,6,108,0.75234593,0,0
Gio Urshela,1.5,FALSE,2024,32,FALSE,62,228,2,22,24,0.29906542,0.328947368,0.373831775,9,64,0.702779143,10681,144,551,13,61,64,0.285429141,0.337568058,0.429141716,21,143,0.766709774,60,100
Jesse Winker,1.5,FALSE,2024,30,FALSE,61,197,1,16,23,0.19879518,0.319796954,0.246987951,0,33,0.566784905,13590,136,547,14,51,53,0.219298245,0.34369287,0.344298245,8,100,0.687991115,0,0
Kurt Suzuki,1.756653171,TRUE,2017,33,FALSE,106,373,8,34,49,0.257971014,0.301075268,0.40289855,9,89,0.703973818,8259,131,479,5,36,50,0.240184757,0.295983086,0.314087759,14,104,0.610070845,0,0
Matt Duffy,1.491348494,FALSE,2023,32,FALSE,77,247,2,14,16,0.25,0.307692307,0.311403508,6,57,0.619095815,13836,97,322,5,45,30,0.287197231,0.357142857,0.380622837,16,83,0.737765694,0,88.88888889
Matt Duffy,1.645698762,FALSE,2022,31,FALSE,97,322,5,45,30,0.287197231,0.357142857,0.380622837,16,83,0.737765694,13836,46,169,1,12,12,0.25170068,0.343195266,0.326530612,4,37,0.669725878,88.88888889,0
Matt Joyce,1.781444516,FALSE,2020,35,FALSE,129,238,7,32,23,0.295,0.407563025,0.45,3,59,0.857563025,3353,83,246,7,34,15,0.207729468,0.322448979,0.352657004,3,43,0.675105983,0,0
Ryan Raburn,1.846946112,FALSE,2016,35,FALSE,82,201,8,22,29,0.300578034,0.393034825,0.543352601,5,52,0.936387426,2218,74,212,4,18,22,0.2,0.25,0.297435897,8,39,0.547435897,0,0
Johan Camargo,1.535985511,FALSE,2022,28,FALSE,15,18,0,1,0,0,0.111111111,0,0,0,0.111111111,14950,98,248,7,31,32,0.23275862,0.279352226,0.383620689,5,54,0.662972915,0,100
Daniel Nava,1.693033936,FALSE,2016,33,FALSE,60,166,1,13,10,0.194244604,0.315151515,0.244604316,4,27,0.559755831,5450,113,408,4,41,37,0.269972451,0.345588235,0.360881542,5,98,0.706469777,100,66.66666667
Ruben Tejada,1.580987854,FALSE,2017,27,FALSE,36,78,0,9,5,0.166666666,0.246753246,0.242424242,1,11,0.489177488,5519,116,407,3,36,28,0.261111111,0.338271604,0.35,6,94,0.688271604,0,66.66666667
Hanser Alberto,1.292502028,FALSE,2023,30,FALSE,73,159,2,13,15,0.243589743,0.257861635,0.365384615,7,38,0.62324625,11902,103,255,2,25,24,0.269709543,0.290836653,0.402489626,1,65,0.693326279,0,75
Jake Marisnick,1.42627226,FALSE,2022,31,FALSE,99,198,5,21,24,0.21590909,0.285714285,0.375,4,38,0.660714285,11339,120,318,10,46,34,0.232876712,0.288888888,0.410958904,6,68,0.699847792,80,76.92307692
Miguel Montero,1.538302401,TRUE,2018,34,FALSE,76,213,6,24,16,0.216216216,0.309859154,0.345945945,6,40,0.655805099,3364,86,284,8,33,33,0.215767634,0.327464788,0.356846473,8,52,0.684311261,100,100
Alexi Amarista,1.463877643,FALSE,2017,28,FALSE,65,150,0,9,11,0.257142857,0.295302013,0.271428571,5,36,0.566730584,9063,118,357,3,28,30,0.203703703,0.257062146,0.287037037,6,66,0.544099183,81.81818182,83.33333333
Emilio Bonifacio,1.53912176,FALSE,2016,31,FALSE,47,82,0,5,4,0.166666666,0.197530864,0.192307692,1,13,0.389838556,4054,110,426,3,47,24,0.258883248,0.304761904,0.345177664,2,102,0.649939568,20,76.47058824
Gordon Beckham,1.53912176,FALSE,2016,29,FALSE,100,237,6,24,20,0.208530805,0.275423728,0.331753554,6,44,0.607177282,9015,127,483,9,53,44,0.226457399,0.270833333,0.347533632,17,101,0.618366965,0,100
Jake Lamb,1.242790411,FALSE,2023,32,FALSE,41,111,3,13,6,0.216494845,0.315315315,0.391752577,4,21,0.707067892,13329,55,170,7,25,19,0.194444444,0.305882352,0.368055555,4,28,0.673937907,0,0
Maikel Franco,1.371415635,FALSE,2022,29,FALSE,104,403,11,31,47,0.209549071,0.253101736,0.355437665,12,79,0.608539401,12179,123,428,17,48,56,0.233933161,0.296728971,0.408740359,14,91,0.70546933,0,0
Skip Schumaker,1.53912176,FALSE,2016,36,FALSE,131,268,1,23,21,0.241803278,0.305970149,0.336065573,7,59,0.642035722,3704,83,271,2,22,22,0.234817813,0.287313432,0.307692307,3,58,0.595005739,50,66.66666667
Travis Jankowski,1.242790411,FALSE,2023,32,FALSE,44,64,0,11,2,0.163636363,0.28125,0.163636363,0,9,0.444886363,13768,76,157,1,24,10,0.251908396,0.363636363,0.351145038,1,33,0.714781401,100,100
Travis Jankowski,1.371415635,FALSE,2022,31,FALSE,76,157,1,24,10,0.251908396,0.363636363,0.351145038,1,33,0.714781401,13768,25,24,0,4,0,0.181818181,0.25,0.181818181,0,4,0.431818181,100,50
Yuli Gurriel,1.242790411,FALSE,2023,39,FALSE,146,584,8,53,53,0.242201834,0.287671232,0.359633027,13,132,0.647304259,19198,143,605,15,83,81,0.318867924,0.383471074,0.46226415,16,169,0.845735224,100,50
Cory Spangenberg,1.42647993,FALSE,2019,28,FALSE,116,329,7,35,25,0.234899328,0.298461538,0.362416107,6,70,0.660877645,12294,129,486,13,57,46,0.263513513,0.322314049,0.4009009,2,117,0.723214949,85.71428571,78.57142857
David Murphy,1.415992019,FALSE,2016,34,FALSE,132,391,10,38,50,0.282548476,0.317829457,0.421052631,6,102,0.738882088,6035,129,462,8,40,58,0.26201923,0.318872017,0.384615384,6,109,0.703487401,0,40
Andres Blanco,1.301640493,FALSE,2018,34,FALSE,80,144,3,10,13,0.192307692,0.256944444,0.292307692,1,25,0.549252136,1907,90,209,4,26,21,0.252631578,0.315789473,0.405263157,7,48,0.72105263,100,40
Caleb Joseph,1.307606603,TRUE,2019,33,FALSE,82,280,3,28,17,0.218867924,0.254480286,0.320754716,3,58,0.575235002,7087,89,266,8,31,28,0.255905511,0.286792452,0.413385826,7,65,0.700178278,66.66666667,0
Justin Maxwell,1.354427149,FALSE,2016,32,FALSE,100,274,7,26,26,0.208835341,0.274725274,0.341365461,4,52,0.616090735,6827,20,45,0,4,3,0.15,0.222222222,0.175,0,6,0.397222222,66.66666667,0
Marwin Gonzalez,1.206845759,FALSE,2022,33,FALSE,91,307,5,30,28,0.199275362,0.274509803,0.304347826,8,55,0.578857629,5497,114,463,15,52,55,0.263529411,0.321814254,0.414117647,7,112,0.735931901,60,100
Darwin Barney,1.292862278,FALSE,2016,30,TRUE,17,30,2,4,4,0.259259259,0.285714285,0.518518518,0,7,0.804232803,2430,94,262,3,24,23,0.240506329,0.3,0.341772151,1,57,0.641772151,0,100
Adam Engel,0.994232329,FALSE,2023,31,FALSE,119,260,2,32,17,0.224489795,0.269230769,0.310204081,2,55,0.57943485,15082,39,140,7,21,18,0.25203252,0.335714285,0.495934959,4,31,0.831649244,75,87.5
Adeiny Hechavarria,1.187629677,FALSE,2020,31,TRUE,84,221,9,34,33,0.24137931,0.298642533,0.443349753,3,49,0.741992286,10459,94,321,6,34,31,0.246621621,0.278996865,0.344594594,7,73,0.623591459,75,100
Brennan Boesch,1.231297408,FALSE,2016,31,FALSE,51,94,1,4,5,0.146067415,0.191489361,0.202247191,0,13,0.393736552,914,27,79,2,6,7,0.186666666,0.202531645,0.293333333,0,14,0.495864978,100,100
Chase Utley,1.183309539,FALSE,2018,39,TRUE,127,353,8,43,34,0.236245954,0.323863636,0.404530744,3,73,0.72839438,1679,138,565,14,79,52,0.251953125,0.319148936,0.396484375,0,129,0.715633311,85.71428571,50
Chris Denorfia,1.231297408,FALSE,2016,35,FALSE,103,231,3,18,18,0.268867924,0.318777292,0.372641509,7,57,0.691418801,4400,121,358,3,36,21,0.23030303,0.283707865,0.318181818,6,76,0.601889683,0,75
Chris Owings,1.097132508,FALSE,2022,30,FALSE,21,50,1,9,5,0.325581395,0.42,0.627906976,0,14,1.047906976,10030,67,196,3,13,14,0.138888888,0.209183673,0.233333333,2,25,0.442517006,66.66666667,71.42857143
Colin Moran,1.097132508,FALSE,2022,29,FALSE,99,359,10,29,50,0.257861635,0.334261838,0.389937106,6,82,0.724198944,16909,149,503,13,46,80,0.276824034,0.322067594,0.429184549,13,129,0.751252143,100,0
Craig Gentry,1.231297408,FALSE,2016,32,FALSE,26,56,0,6,3,0.12,0.196428571,0.2,0,6,0.396428571,9571,94,258,0,38,12,0.254310344,0.318897637,0.288793103,2,59,0.60769074,50,90.90909091
Danny Valencia,1.183309539,FALSE,2018,33,FALSE,130,500,15,54,66,0.255555555,0.314,0.411111111,16,115,0.725111111,6364,130,517,17,72,51,0.286624203,0.346228239,0.445859872,11,135,0.792088111,50,50
Ehire Adrianza,1,FALSE,2024,34,FALSE,5,11,0,0,0,0,0.09090909,0,0,0,0.09090909,8418,37,110,0,8,7,0.175257731,0.263636363,0.206185567,2,17,0.46982193,0,100
Ehire Adrianza,0.994232329,FALSE,2023,33,TRUE,37,110,0,8,7,0.175257731,0.263636363,0.206185567,2,17,0.46982193,8418,109,209,5,32,28,0.247252747,0.326923076,0.401098901,4,45,0.728021977,100,0
Eric Young Jr.,1.231297408,FALSE,2016,31,FALSE,53,94,0,16,5,0.152941176,0.217391304,0.247058823,1,13,0.464450127,7158,100,316,1,48,17,0.228571428,0.299035369,0.310714285,2,64,0.609749654,75,83.33333333
Guillermo Heredia,1.187629677,FALSE,2020,29,FALSE,89,231,5,31,20,0.225490196,0.305676855,0.362745098,4,46,0.668421953,18721,125,337,5,29,19,0.236301369,0.318181818,0.342465753,4,69,0.660647571,50,33.33333333
Josh Phegley,1.187629677,TRUE,2020,32,FALSE,106,342,12,44,62,0.238853503,0.282352941,0.410828025,11,75,0.693180966,9308,39,102,2,13,15,0.204301075,0.25490196,0.344086021,3,19,0.598987981,0,0
Jurickson Profar,1,FALSE,2024,31,TRUE,125,521,9,55,46,0.241830065,0.321153846,0.368191721,11,111,0.689345567,10815,152,658,15,82,58,0.24347826,0.331297709,0.391304347,12,140,0.722602056,100,83.33333333
Mark Reynolds,1.183309539,FALSE,2018,34,FALSE,148,593,30,82,97,0.267307692,0.352445193,0.486538461,12,139,0.838983654,7619,118,441,14,61,53,0.282442748,0.35600907,0.450381679,6,111,0.806390749,66.66666667,33.33333333
Marlon Byrd,1.231297408,FALSE,2016,38,FALSE,135,544,23,58,73,0.247035573,0.290441176,0.452569169,10,125,0.743010345,950,154,637,25,71,85,0.26395939,0.312401883,0.44500846,6,156,0.757410343,66.66666667,60
Nelson Cruz,0.994232329,FALSE,2023,42,FALSE,124,507,10,50,64,0.234375,0.313492063,0.337053571,16,105,0.650545634,2434,140,584,32,79,86,0.265107212,0.334482758,0.497076023,14,136,0.831558781,100,100
Peter Bourjos,1.183309539,FALSE,2018,31,FALSE,100,203,5,27,15,0.223404255,0.272277227,0.382978723,2,42,0.65525595,2578,123,383,5,40,23,0.250704225,0.291777188,0.388732394,6,89,0.680509582,55.55555556,60
Ryon Healy,1.187629677,FALSE,2020,28,FALSE,47,187,7,24,26,0.23668639,0.288770053,0.455621301,1,40,0.744391354,15447,133,524,24,51,73,0.235294117,0.276717557,0.411764705,21,116,0.688482262,0,0
Shane Victorino,1.231297408,FALSE,2016,35,FALSE,71,204,1,19,7,0.230337078,0.308457711,0.292134831,4,41,0.600592542,1677,30,133,2,14,12,0.268292682,0.303030303,0.382113821,3,33,0.685144124,100,100
Steven Souza Jr.,1.187629677,FALSE,2020,31,FALSE,72,272,5,21,29,0.22,0.309,0.369,4,53,0.678,5667,72,272,5,21,29,0.22,0.309,0.369,4,53,0.678,85.71428571,85.71428571
Brandon Drury,0.987419257,FALSE,2022,29,FALSE,51,88,4,7,14,0.273809523,0.306818181,0.476190476,3,23,0.783008657,11615,120,447,15,43,41,0.217703349,0.261744966,0.380382775,6,91,0.642127741,0,0
Craig Gentry,1.064978585,FALSE,2018,34,TRUE,77,117,2,17,11,0.257425742,0.333333333,0.386138613,1,26,0.719471946,9571,14,39,0,2,2,0.147058823,0.236842105,0.176470588,2,5,0.413312693,55.55555556,0
Jackie Bradley Jr.,0.894809096,FALSE,2023,33,FALSE,132,370,4,30,38,0.203488372,0.255434782,0.311046511,5,70,0.566481293,12984,134,428,6,39,29,0.162790697,0.235981308,0.260981912,8,63,0.49696322,40,87.5
Pedro Alvarez,1.064978585,FALSE,2018,31,TRUE,14,34,1,4,4,0.313,0.353,0.438,0,10,0.79,2495,109,376,22,43,49,0.249,0.322,0.504,6,84,0.826,0,100
Travis Ishikawa,1.108167667,FALSE,2016,32,FALSE,44,72,1,6,8,0.206349206,0.305555555,0.301587301,2,13,0.607142856,4793,62,119,3,9,18,0.252336448,0.310924369,0.392523364,3,27,0.703447733,0,0
Jed Lowrie,0.932562632,FALSE,2022,38,TRUE,139,512,14,55,69,0.245076586,0.318359375,0.398249452,8,112,0.716608827,4418,9,8,0,0,0,0,0.125,0,0,0,0.125,0,0
Stephen Vogt,0.932562632,FALSE,2022,37,FALSE,78,238,7,24,25,0.195238095,0.282700421,0.333333333,2,41,0.616033754,5000,99,280,10,30,40,0.262745098,0.314285714,0.490196078,1,67,0.804481792,0,75
Jordan Pacheco,0.985037926,FALSE,2016,30,FALSE,29,78,2,8,8,0.242424242,0.333333333,0.333333333,6,16,0.666666666,2677,69,165,0,10,16,0.25490196,0.298780487,0.333333333,6,39,0.63211382,100,0
Rougned Odor,0.795385863,FALSE,2023,29,FALSE,135,472,13,49,53,0.206572769,0.275423728,0.356807511,9,88,0.632231239,12282,102,361,15,42,39,0.201863354,0.286111111,0.378881987,3,65,0.664993098,85.71428571,0
Ichiro Suzuki,0.887482154,FALSE,2018,44,FALSE,136,215,3,19,20,0.25510204,0.317757009,0.331632653,2,50,0.649389662,1101,143,365,1,48,22,0.290519877,0.35359116,0.376146788,4,95,0.729737948,50,83.33333333
Ryan Flaherty,0.887482154,FALSE,2018,31,FALSE,23,43,0,5,4,0.210526315,0.302325581,0.236842105,0,8,0.539167686,7888,74,176,3,16,15,0.216560509,0.291428571,0.318471337,1,34,0.609899908,0,100
Aaron Hicks,0.74,FALSE,2024,34,FALSE,93,312,8,44,36,0.252788104,0.352564102,0.382899628,3,68,0.73546373,5297,130,453,8,54,40,0.216145833,0.329646017,0.3125,10,83,0.642146017,100,76.92307692
Matt Carpenter,0.74,FALSE,2024,38,FALSE,76,237,5,18,31,0.175531914,0.322033898,0.319148936,2,33,0.641182834,8090,47,154,15,28,37,0.3046875,0.411764705,0.7265625,2,39,1.138327205,100,0
Rafael Ortega,0.74,FALSE,2024,33,FALSE,47,136,1,16,8,0.219298245,0.34074074,0.271929824,0,25,0.612670564,10323,118,371,7,35,35,0.240506329,0.330623306,0.357594936,10,76,0.688218242,85.71428571,63.15789474
Bradley Zimmer,0.715847277,FALSE,2023,30,FALSE,109,117,2,18,5,0.123809523,0.206896551,0.228571428,0,13,0.435467979,16221,99,348,8,44,35,0.227424749,0.324712643,0.344481605,3,68,0.669194248,60,83.33333333
Curt Casali,0.72,TRUE,2024,35,FALSE,40,96,0,8,6,0.175,0.29032258,0.2,1,14,0.49032258,12510,57,176,5,20,17,0.202702702,0.318181818,0.331081081,1,30,0.649262899,0,0
Jace Peterson,0.851982868,FALSE,2018,28,FALSE,89,215,2,15,17,0.215053763,0.317757009,0.317204301,4,40,0.63496131,12325,115,408,7,45,29,0.254285714,0.349753694,0.365714285,9,89,0.715467979,100,50
Johan Camargo,0.715847277,FALSE,2023,29,FALSE,52,166,3,8,15,0.236842105,0.296969696,0.315789473,1,36,0.612759169,14950,15,18,0,1,0,0,0.111111111,0,0,0,0.111111111,0,0
Josh Rutledge,0.702661268,FALSE,2017,28,TRUE,28,56,0,9,3,0.265306122,0.345454545,0.387755102,3,13,0.733209647,11167,39,85,1,11,10,0.283783783,0.333333333,0.337837837,0,21,0.67117117,100,0
Chris Stewart,0.680402985,TRUE,2018,36,FALSE,51,144,0,8,4,0.183206106,0.241134751,0.221374045,3,24,0.462508796,3878,34,113,1,10,7,0.214285714,0.31858407,0.285714285,2,21,0.604298355,0,0
Brock Holt,0.669229323,FALSE,2020,32,FALSE,87,295,3,38,31,0.297297297,0.369491525,0.401544401,4,77,0.771035926,9345,109,367,7,41,46,0.277258566,0.36239782,0.411214953,7,89,0.773612773,100,50
Chris Johnson,0.626539631,FALSE,2017,32,FALSE,113,264,5,20,24,0.222222222,0.281368821,0.329218106,13,54,0.610586927,1191,83,255,3,18,18,0.255144032,0.286274509,0.337448559,5,62,0.623723068,0,66.66666667
