Name,contract_years,salary,AAV,minor league,catcher,date,new_team,former_team,Age,WAR3,Yrs,career_games,stayed_same_team,G,PA,HR,R,RBI,SB,BB%,K%,AVG,OBP,SLG,GDP,CS,H,OPS,PlayerId,MLBAMID,G_2,PA_2,HR_2,R_2,RBI_2,SB_2,BB%_2,K%_2,AVG_2,OBP_2,SLG_2,GDP_2,CS_2,H_2,OPS_2,G_3,PA_3,HR_3,R_3,RBI_3,SB_3,BB%_3,K%_3,AVG_3,OBP_3,SLG_3,GDP_3,CS_3,H_3,OPS_3
Albert Pujols,1,2.5,2.5,0,0,2022,STL,LAD,42,-0.4,21,2971,0,109,296,17,29,50,2,0.047297297,0.152027027,0.236363636,0.283783783,0.432727272,14,0,65,0.716511055,1177,405395,131,545,23,55,93,3,0.078899082,0.124770642,0.244399185,0.304587155,0.429735234,21,0,120,0.734322389,131,545,23,55,93,3,0.078899082,0.124770642,0.244399185,0.304587155,0.429735234,21,0,120,0.734322389
David Peralta,1,0.72,0.72,1,0,2024,CHC,LAD,36,2.2,10,1141,0,133,422,7,47,55,4,0.047393364,0.170616113,0.258883248,0.293838862,0.380710659,8,1,102,0.674549521,2136,444482,134,490,12,39,59,1,0.083673469,0.232653061,0.250569476,0.31632653,0.414578587,8,3,110,0.730905117,150,538,8,57,63,2,0.085501858,0.171003717,0.258726899,0.32527881,0.402464065,9,1,126,0.727742875
David Peralta,1,6.5,6.5,0,0,2023,LAD,TBR,35,2.3,9,1008,0,134,490,12,39,59,1,0.083673469,0.232653061,0.250569476,0.31632653,0.414578587,8,3,110,0.730905117,2136,444482,150,538,8,57,63,2,0.085501858,0.171003717,0.258726899,0.32527881,0.402464065,9,1,126,0.727742875,99,423,12,48,57,0,0.082742316,0.205673758,0.274869109,0.342789598,0.460732984,9,0,105,0.803522582
Carlos Santana,1,5.25,5.25,0,0,2024,MIN,MIL,38,3.7,14,1930,0,146,619,23,78,86,6,0.105008077,0.168012924,0.24,0.31825525,0.429090909,11,0,132,0.747346159,2396,467793,131,506,19,52,60,0,0.140316205,0.173913043,0.201856148,0.316205533,0.375870069,9,0,87,0.692075602,158,659,19,66,69,2,0.130500758,0.154779969,0.214159292,0.318664643,0.34159292,12,0,121,0.660257563
Carlos Santana,1,6.725,6.725,0,0,2023,PIT,SEA,37,2.1,13,1784,0,131,506,19,52,60,0,0.140316205,0.173913043,0.201856148,0.316205533,0.375870069,9,0,87,0.692075602,2396,467793,158,659,19,66,69,2,0.130500758,0.154779969,0.214159292,0.318664643,0.34159292,12,0,121,0.660257563,158,686,34,110,93,4,0.157434402,0.157434402,0.280977312,0.396501457,0.514834205,13,0,161,0.911335662
Nelson Cruz,1,1,1,0,0,2023,SDP,WSN,42,4.4,18,2006,0,124,507,10,50,64,4,0.096646942,0.234714003,0.234375,0.313492063,0.337053571,16,0,105,0.650545634,2434,443558,140,584,32,79,86,3,0.087328767,0.215753424,0.265107212,0.334482758,0.497076023,14,0,136,0.831558781,120,521,41,81,108,0,0.107485604,0.251439539,0.310572687,0.392307692,0.638766519,14,1,141,1.031074211
Nelson Cruz,1,15,15,0,0,2022,WSN,TBR,41,8.7,17,1882,0,140,584,32,79,86,3,0.087328767,0.215753424,0.265107212,0.334482758,0.497076023,14,0,136,0.831558781,2434,443558,120,521,41,81,108,0,0.107485604,0.251439539,0.310572687,0.392307692,0.638766519,14,1,141,1.031074211,120,521,41,81,108,0,0.107485604,0.251439539,0.310572687,0.392307692,0.638766519,14,1,141,1.031074211
Manny Pi√±a,2,8,4,0,1,2022,ATL,MIL,35,2.8,8,409,0,75,208,13,27,33,0,0.10576923,0.182692307,0.188888888,0.29326923,0.438888888,4,0,34,0.732158118,2829,444489,76,179,7,10,25,0,0.089385474,0.279329608,0.227848101,0.312849162,0.411392405,1,0,36,0.724241567,76,179,7,10,25,0,0.089385474,0.279329608,0.227848101,0.312849162,0.411392405,1,0,36,0.724241567
Roberto Perez,1,0.72,0.72,1,1,2024,BOS,SFG,35,0.4,10,516,0,5,17,0,0,1,0,0.117647058,0.352941176,0.133333333,0.235294117,0.133333333,0,0,2,0.36862745,2900,547379,21,69,2,8,8,0,0.130434782,0.36231884,0.233333333,0.333333333,0.366666666,1,0,14,0.699999999,44,161,7,13,17,1,0.105590062,0.347826086,0.14893617,0.245283018,0.319148936,1,0,21,0.564431954
Roberto Perez,1,0.72,0.72,1,1,2023,SFG,PIT,34,0.7,9,511,0,21,69,2,8,8,0,0.130434782,0.36231884,0.233333333,0.333333333,0.366666666,1,0,14,0.699999999,2900,547379,44,161,7,13,17,1,0.105590062,0.347826086,0.14893617,0.245283018,0.319148936,1,0,21,0.564431954,119,449,24,46,63,0,0.100222717,0.282850779,0.23907455,0.321266968,0.452442159,12,0,93,0.773709127
Roberto Perez,1,5,5,0,1,2022,PIT,CLE,33,4.2,8,490,0,44,161,7,13,17,1,0.105590062,0.347826086,0.14893617,0.245283018,0.319148936,1,0,21,0.564431954,2900,547379,119,449,24,46,63,0,0.100222717,0.282850779,0.23907455,0.321266968,0.452442159,12,0,93,0.773709127,119,449,24,46,63,0,0.100222717,0.282850779,0.23907455,0.321266968,0.452442159,12,0,93,0.773709127
Tommy Pham,1,6,6,0,0,2023,NYM,BOS,35,1.8,9,876,0,144,622,17,89,63,8,0.090032154,0.268488745,0.236462093,0.311897106,0.373646209,20,3,131,0.685543315,2967,502054,155,561,15,74,49,14,0.139037433,0.228163992,0.229473684,0.340463458,0.383157894,10,6,109,0.723621352,145,654,21,77,68,25,0.123853211,0.188073394,0.273368606,0.368501529,0.449735449,22,4,155,0.818236978
Tommy Pham,1,7.5,7.5,0,0,2022,CIN,SDP,34,5.2,8,732,0,155,561,15,74,49,14,0.139037433,0.228163992,0.229473684,0.340463458,0.383157894,10,6,109,0.723621352,2967,502054,145,654,21,77,68,25,0.123853211,0.188073394,0.273368606,0.368501529,0.449735449,22,4,155,0.818236978,145,654,21,77,68,25,0.123853211,0.188073394,0.273368606,0.368501529,0.449735449,22,4,155,0.818236978
Robinson Chirinos,1,9,9,0,1,2022,BAL,CHC,38,3.3,10,647,0,45,112,5,13,15,0,0.080357142,0.321428571,0.226804123,0.324324324,0.453608247,2,0,22,0.777932571,3142,455139,114,437,17,57,58,1,0.116704805,0.286041189,0.237704918,0.347126436,0.44262295,11,2,87,0.789749386,114,437,17,57,58,1,0.116704805,0.286041189,0.237704918,0.347126436,0.44262295,11,2,87,0.789749386
Charlie Culberson,1,0.72,0.72,1,0,2024,ATL,ATL,35,1.1,11,586,1,1,1,0,0,0,0,0,0,1,1,1,0,0,1,2,3298,518586,70,124,2,19,12,2,0.04032258,0.25,0.252173913,0.283333333,0.356521739,5,3,29,0.639855072,91,271,5,23,22,7,0.062730627,0.236162361,0.242914979,0.295880149,0.380566801,3,1,60,0.67644695
Charlie Culberson,1,0.72,0.72,1,0,2023,TBR,TEX,34,0.9,10,585,0,70,124,2,19,12,2,0.04032258,0.25,0.252173913,0.283333333,0.356521739,5,3,29,0.639855072,3298,518586,91,271,5,23,22,7,0.062730627,0.236162361,0.242914979,0.295880149,0.380566801,3,1,60,0.67644695,108,144,5,14,20,0,0.041666666,0.305555555,0.259259259,0.293706293,0.437037037,5,1,35,0.73074333
Charlie Culberson,1,1.75,1.75,0,0,2022,TEX,TEX,33,0.9,9,517,1,91,271,5,23,22,7,0.062730627,0.236162361,0.242914979,0.295880149,0.380566801,3,1,60,0.67644695,3298,518586,108,144,5,14,20,0,0.041666666,0.305555555,0.259259259,0.293706293,0.437037037,5,1,35,0.73074333,108,144,5,14,20,0,0.041666666,0.305555555,0.259259259,0.293706293,0.437037037,5,1,35,0.73074333
Anthony Rizzo,2,40,20,0,0,2023,NYY,NYY,33,5.2,12,1536,1,130,548,32,77,75,6,0.105839416,0.184306569,0.223655913,0.33759124,0.479569892,13,5,104,0.817161132,3473,519203,141,576,22,73,61,6,0.090277777,0.151041666,0.24798387,0.34375,0.439516129,15,2,123,0.783266129,146,613,27,89,94,5,0.115823817,0.140293637,0.29296875,0.404567699,0.51953125,15,2,150,0.924098949
Anthony Rizzo,2,32,16,0,0,2022,NYY,NYY,32,7.1,11,1406,1,141,576,22,73,61,6,0.090277777,0.151041666,0.24798387,0.34375,0.439516129,15,2,123,0.783266129,3473,519203,146,613,27,89,94,5,0.115823817,0.140293637,0.29296875,0.404567699,0.51953125,15,2,150,0.924098949,146,613,27,89,94,5,0.115823817,0.140293637,0.29296875,0.404567699,0.51953125,15,2,150,0.924098949
Dexter Fowler,1,0.72,0.72,1,0,2022,TOR,LAA,36,1.3,14,1460,0,7,21,0,3,1,1,0.047619047,0.285714285,0.25,0.285714285,0.25,0,0,5,0.535714285,4062,451594,150,574,19,69,67,8,0.12891986,0.247386759,0.238193018,0.345549738,0.408624229,6,5,116,0.754173967,150,574,19,69,67,8,0.12891986,0.247386759,0.238193018,0.345549738,0.408624229,6,5,116,0.754173967
Michael Brantley,1,12,12,0,0,2023,HOU,HOU,36,5.5,14,1430,1,64,277,5,28,26,1,0.111913357,0.108303249,0.288065843,0.369565217,0.41563786,1,1,70,0.785203077,4106,488726,121,508,8,68,47,1,0.064960629,0.104330708,0.311300639,0.362204724,0.437100213,11,0,146,0.799304937,148,637,22,88,90,3,0.080062794,0.103610675,0.311304347,0.372056514,0.502608695,21,2,179,0.874665209
Joey Votto,1,0.72,0.72,1,0,2024,TOR,CIN,40,3.4,17,2056,0,65,242,14,26,38,0,0.111570247,0.256198347,0.201923076,0.314049586,0.432692307,2,0,42,0.746741893,4314,458015,91,376,11,31,41,0,0.117021276,0.257978723,0.204968944,0.319148936,0.369565217,8,0,66,0.688714153,129,533,36,73,99,1,0.14446529,0.238273921,0.265625,0.375234521,0.5625,7,0,119,0.937734521
Jed Lowrie,1,0.85,0.85,0,0,2022,OAK,OAK,38,0.1,13,1257,1,139,512,14,55,69,0,0.095703125,0.2109375,0.245076586,0.318359375,0.398249452,8,0,112,0.716608827,4418,476704,9,8,0,0,0,0,0.125,0.5,0,0.125,0,0,0,0,0.125,9,8,0,0,0,0,0.125,0.5,0,0.125,0,0,0,0,0.125
Mike Moustakas,1,0.72,0.72,1,0,2024,CHW,LAA,35,-1.9,13,1427,0,112,386,12,43,48,0,0.059585492,0.246113989,0.24715909,0.292746113,0.392045454,7,0,87,0.684791567,4892,519058,78,285,7,30,25,2,0.084210526,0.263157894,0.214285714,0.294736842,0.345238095,8,0,54,0.639974937,62,206,6,21,22,0,0.08737864,0.22330097,0.207650273,0.281553398,0.371584699,6,0,38,0.653138097
Jason Heyward,1,9,9,0,0,2024,LAD,LAD,34,1.7,14,1703,1,124,377,15,56,40,2,0.090185676,0.169761273,0.269461077,0.339572192,0.473053892,7,2,90,0.812626084,4940,518792,48,151,1,15,10,1,0.072847682,0.211920529,0.204379562,0.278145695,0.277372262,3,0,28,0.555517957,104,353,8,35,30,5,0.076487252,0.19263456,0.213622291,0.280453257,0.346749226,4,1,69,0.627202483
Jason Heyward,1,22,22,0,0,2023,LAD,CHC,33,1.2,13,1579,0,48,151,1,15,10,1,0.072847682,0.211920529,0.204379562,0.278145695,0.277372262,3,0,28,0.555517957,4940,518792,104,353,8,35,30,5,0.076487252,0.19263456,0.213622291,0.280453257,0.346749226,4,1,69,0.627202483,147,589,21,78,62,8,0.115449915,0.186757215,0.251461988,0.342954159,0.428849902,12,3,129,0.771804061
Stephen Vogt,1,0.85,0.85,0,0,2022,OAK,ATL,37,1.1,9,724,0,78,238,7,24,25,0,0.109243697,0.235294117,0.195238095,0.282700421,0.333333333,2,0,41,0.616033754,5000,519390,99,280,10,30,40,3,0.071428571,0.235714285,0.262745098,0.314285714,0.490196078,1,1,67,0.804481792,99,280,10,30,40,3,0.071428571,0.235714285,0.262745098,0.314285714,0.490196078,1,1,67,0.804481792
Anthony Gose,1,0.72,0.72,1,0,2023,CLE,CLE,32,0,7,372,1,22,0,0,0,0,0,0,0,0,0,0,0,0,0,0,5097,543238,6,0,0,0,0,0,0,0,0,0,0,0,0,0,0,NULL,NULL,NULL,NULL,NULL,NULL,NULL,NULL,NULL,NULL,NULL,NULL,NULL,NULL,NULL
Justin Turner,1,13,13,0,0,2024,TOR,BOS,39,7.8,15,1539,0,146,626,23,86,96,4,0.081469648,0.175718849,0.275985663,0.345047923,0.455197132,10,1,154,0.800245055,5235,457759,128,532,13,61,81,3,0.093984962,0.167293233,0.277777777,0.34962406,0.438034188,13,0,130,0.787658248,151,612,27,87,87,3,0.099673202,0.160130718,0.277673545,0.361111111,0.470919324,12,0,148,0.832030435
Justin Turner,2,21.7,10.85,0,0,2023,BOS,LAD,38,7.2,14,1393,0,128,532,13,61,81,3,0.093984962,0.167293233,0.277777777,0.34962406,0.438034188,13,0,130,0.787658248,5235,457759,151,612,27,87,87,3,0.099673202,0.160130718,0.277673545,0.361111111,0.470919324,12,0,148,0.832030435,135,549,27,80,67,2,0.092896174,0.160291438,0.290187891,0.371584699,0.509394572,11,0,139,0.880979271
Robbie Grossman,1,2,2,0,0,2023,TEX,ATL,33,4.5,10,1011,0,129,477,7,40,45,6,0.117400419,0.270440251,0.209245742,0.310272536,0.311435523,3,2,86,0.621708059,5254,543257,156,671,23,88,67,20,0.14605067,0.230998509,0.238779174,0.357249626,0.414721723,8,5,133,0.771971349,138,482,6,57,38,9,0.122406639,0.178423236,0.24047619,0.334024896,0.347619047,7,4,101,0.681643943
Sandy Leon,1,0.72,0.72,1,1,2024,KCR,CLE,35,-1.9,12,554,0,22,44,0,4,4,0,0.022727272,0.454545454,0.146341463,0.186046511,0.195121951,2,0,6,0.381168462,5273,506702,34,86,0,6,4,0,0.15116279,0.313953488,0.169014084,0.297619047,0.211267605,2,0,12,0.508886652,84,220,4,15,14,0,0.054545454,0.295454545,0.183168316,0.237442922,0.267326732,2,0,37,0.504769654
Sandy Leon,1,0.72,0.72,1,1,2023,TEX,MIN,34,-1.5,11,533,0,34,86,0,6,4,0,0.15116279,0.313953488,0.169014084,0.297619047,0.211267605,2,0,12,0.508886652,5273,506702,84,220,4,15,14,0,0.054545454,0.295454545,0.183168316,0.237442922,0.267326732,2,0,37,0.504769654,65,191,5,14,19,0,0.068062827,0.246073298,0.191860465,0.251336898,0.296511627,0,0,33,0.547848525
Sandy Leon,1,0.72,0.72,1,0,2022,CLE,MIA,33,-1.6,10,500,0,84,220,4,15,14,0,0.054545454,0.295454545,0.183168316,0.237442922,0.267326732,2,0,37,0.504769654,5273,506702,65,191,5,14,19,0,0.068062827,0.246073298,0.191860465,0.251336898,0.296511627,0,0,33,0.547848525,65,191,5,14,19,0,0.068062827,0.246073298,0.191860465,0.251336898,0.296511627,0,0,33,0.547848525
Aaron Hicks,1,0.72,0.72,1,0,2024,LAA,BAL,34,1.7,11,963,0,93,312,8,44,36,6,0.134615384,0.221153846,0.252788104,0.352564102,0.382899628,3,0,68,0.73546373,5297,543305,130,453,8,54,40,10,0.136865342,0.240618101,0.216145833,0.329646017,0.3125,10,3,83,0.642146017,32,126,4,13,14,0,0.111111111,0.238095238,0.194444444,0.293650793,0.333333333,3,0,21,0.626984126
Brandon Crawford,1,2,2,0,0,2024,STL,SFG,37,5.5,13,1654,0,94,320,7,31,38,3,0.0875,0.253125,0.194346289,0.272727272,0.314487632,5,0,55,0.587214904,5343,543063,118,458,9,50,52,1,0.085152838,0.213973799,0.23095823,0.307860262,0.343980343,12,1,94,0.651840605,138,549,24,79,90,11,0.102003642,0.19125683,0.298136645,0.373406193,0.52173913,8,3,144,0.895145323
Freddie Freeman,6,162,27,0,0,2022,LAD,ATL,32,11.9,12,1565,0,159,695,31,120,83,8,0.122302158,0.153956834,0.3,0.392805755,0.503333333,11,3,180,0.896139088,5361,518692,158,692,38,113,121,6,0.125722543,0.183526011,0.29480737,0.388728323,0.549413735,17,3,176,0.938142058,158,692,38,113,121,6,0.125722543,0.183526011,0.29480737,0.388728323,0.549413735,17,3,176,0.938142058
Abraham Almonte,1,0.72,0.72,1,0,2023,NYM,BOS,34,-1,10,455,0,15,37,1,7,2,1,0.027027027,0.324324324,0.257142857,0.297297297,0.4,1,0,9,0.697297297,5486,501659,64,175,5,20,19,1,0.148571428,0.217142857,0.216216216,0.331428571,0.398648648,2,1,32,0.730077219,17,38,1,11,4,0,0.184210526,0.210526315,0.29032258,0.421052631,0.548387096,1,0,9,0.969439727
Austin Romine,1,0.72,0.72,1,1,2023,CIN,CIN,34,-1.2,11,484,1,51,136,3,10,9,0,0.029411764,0.338235294,0.155038759,0.186567164,0.248062015,2,0,20,0.434629179,5491,519222,28,62,1,5,5,0,0.032258064,0.354838709,0.216666666,0.241935483,0.3,4,0,13,0.541935483,73,240,8,29,35,1,0.041666666,0.208333333,0.280701754,0.30962343,0.438596491,7,1,64,0.748219921
Austin Romine,1,0.72,0.72,1,0,2022,LAA,CHC,33,0.2,10,433,0,28,62,1,5,5,0,0.032258064,0.354838709,0.216666666,0.241935483,0.3,4,0,13,0.541935483,5491,519222,73,240,8,29,35,1,0.041666666,0.208333333,0.280701754,0.30962343,0.438596491,7,1,64,0.748219921,73,240,8,29,35,1,0.041666666,0.208333333,0.280701754,0.30962343,0.438596491,7,1,64,0.748219921
Marwin Gonzalez,1,1.1,1.1,0,0,2022,NYY,HOU,33,1.3,10,1053,0,91,307,5,30,28,3,0.065146579,0.254071661,0.199275362,0.274509803,0.304347826,8,2,55,0.578857629,5497,503556,114,463,15,52,55,1,0.066954643,0.211663066,0.263529411,0.321814254,0.414117647,7,0,112,0.735931901,114,463,15,52,55,1,0.066954643,0.211663066,0.263529411,0.321814254,0.414117647,7,0,112,0.735931901
Steven Souza Jr.,1,0.72,0.72,1,0,2022,SEA,LAD,33,-0.2,7,499,0,17,36,1,2,3,0,0.055555555,0.388888888,0.151515151,0.222222222,0.333333333,2,0,5,0.555555555,5667,519306,NULL,NULL,NULL,NULL,NULL,NULL,NULL,NULL,NULL,NULL,NULL,NULL,NULL,NULL,NULL,NULL,NULL,NULL,NULL,NULL,NULL,NULL,NULL,NULL,NULL,NULL,NULL,NULL,NULL,NULL
Avisail Garcia,4,53,13.25,0,0,2022,MIA,MIL,31,5,10,951,0,135,515,29,68,86,8,0.073786407,0.234951456,0.262472885,0.330097087,0.490238611,12,4,121,0.820335698,5760,541645,125,530,20,61,72,10,0.058490566,0.235849056,0.282208588,0.332075471,0.464212678,15,4,138,0.796288149,125,530,20,61,72,10,0.058490566,0.235849056,0.282208588,0.332075471,0.464212678,15,4,138,0.796288149
Leury Garcia,3,16.5,5.5,0,0,2022,CHW,CHW,31,4,9,604,1,126,474,5,60,54,6,0.08649789,0.20464135,0.267469879,0.33548387,0.375903614,12,2,111,0.711387484,5913,544725,140,618,8,93,40,15,0.033980582,0.224919093,0.279029462,0.309719934,0.377816291,6,5,161,0.687536225,140,618,8,93,40,15,0.033980582,0.224919093,0.279029462,0.309719934,0.377816291,6,5,161,0.687536225
Jean Segura,2,17,8.5,0,0,2023,MIA,PHI,33,6.8,11,1328,0,98,387,10,45,33,13,0.064599483,0.149870801,0.276836158,0.335917312,0.387005649,16,6,98,0.722922961,5933,516416,131,567,14,76,58,9,0.068783068,0.137566137,0.289883268,0.348056537,0.435797665,16,3,149,0.783854202,144,618,12,79,60,10,0.048543689,0.118122977,0.279513888,0.322528363,0.420138888,11,2,161,0.742667251
Eduardo Escobar,1,0.72,0.72,1,0,2024,TOR,LAA,35,2.6,13,1363,0,100,309,6,32,31,2,0.058252427,0.252427184,0.225694444,0.269480519,0.34375,7,1,65,0.613230519,6153,500871,136,542,20,58,69,0,0.073800738,0.23800738,0.24040404,0.295202952,0.43030303,4,2,119,0.725505982,146,599,28,77,90,1,0.080133555,0.207011686,0.253187613,0.313856427,0.471766848,3,0,139,0.785623275
Eduardo Escobar,2,20,10,0,0,2022,NYM,MIL,33,5.4,11,1128,0,146,599,28,77,90,1,0.080133555,0.207011686,0.253187613,0.313856427,0.471766848,3,0,139,0.785623275,6153,500871,158,699,35,94,118,5,0.071530758,0.185979971,0.268867924,0.320457796,0.511006289,8,1,171,0.831464085,158,699,35,94,118,5,0.071530758,0.185979971,0.268867924,0.320457796,0.511006289,8,1,171,0.831464085
J.D. Martinez,1,10,10,0,0,2023,LAD,BOS,35,3.5,12,1409,0,139,596,16,76,62,0,0.087248322,0.24328859,0.2739212,0.34117647,0.448405253,20,0,146,0.789581723,6184,502110,148,634,28,92,99,0,0.086750788,0.236593059,0.285964912,0.349131121,0.517543859,18,0,163,0.86667498,146,657,36,98,105,2,0.109589041,0.210045662,0.304347826,0.382621951,0.556521739,19,0,175,0.93914369
Martin Maldonado,1,4.25,4.25,0,1,2024,CHW,HOU,37,0.5,13,1118,0,117,407,15,33,36,0,0.073710073,0.341523341,0.190607734,0.258227848,0.348066298,10,0,69,0.606294146,6887,455117,113,379,15,40,45,0,0.058047493,0.306068601,0.186046511,0.248,0.351744186,6,0,64,0.599744186,125,426,12,40,36,0,0.110328638,0.298122065,0.171581769,0.272300469,0.300268096,9,0,64,0.572568565
Matt Carpenter,1,0.72,0.72,1,0,2024,STL,ATL,38,1,13,1452,0,76,237,5,18,31,1,0.17299578,0.282700421,0.175531914,0.322033898,0.319148936,2,0,33,0.641182834,8090,572761,47,154,15,28,37,0,0.123376623,0.227272727,0.3046875,0.411764705,0.7265625,2,0,39,1.138327205,130,249,3,18,21,2,0.140562248,0.309236947,0.169082125,0.305220883,0.275362318,1,0,35,0.580583201
Matt Carpenter,2,12,6,0,0,2023,SDP,NYY,37,1.4,12,1376,0,47,154,15,28,37,0,0.123376623,0.227272727,0.3046875,0.411764705,0.7265625,2,0,39,1.138327205,8090,572761,130,249,3,18,21,2,0.140562248,0.309236947,0.169082125,0.305220883,0.275362318,1,0,35,0.580583201,129,492,15,59,46,6,0.12804878,0.262195121,0.225961538,0.334012219,0.391826923,3,1,94,0.725839142
Matt Carpenter,1,0.72,0.72,0,0,2022,TEX,STL,36,0.2,11,1329,0,130,249,3,18,21,2,0.140562248,0.309236947,0.169082125,0.305220883,0.275362318,1,0,35,0.580583201,8090,572761,129,492,15,59,46,6,0.12804878,0.262195121,0.225961538,0.334012219,0.391826923,3,1,94,0.725839142,129,492,15,59,46,6,0.12804878,0.262195121,0.225961538,0.334012219,0.391826923,3,1,94,0.725839142
Josh Harrison,1,5.5,5.5,0,0,2022,CHW,OAK,34,1.5,11,1049,0,138,558,8,58,60,9,0.055555555,0.134408602,0.27920792,0.341113105,0.4,9,5,141,0.741113105,8202,543281,36,147,1,10,8,4,0.040816326,0.183673469,0.175182481,0.217687074,0.262773722,0,2,24,0.480460796,36,147,1,10,8,4,0.040816326,0.183673469,0.175182481,0.217687074,0.262773722,0,2,24,0.480460796
Kurt Suzuki,1,1.75,1.75,0,0,2022,LAA,LAA,38,0.3,15,1584,1,72,247,6,17,16,0,0.048582995,0.178137651,0.223744292,0.293877551,0.342465753,7,0,49,0.636343304,8259,435559,85,309,17,37,63,0,0.064724919,0.116504854,0.264285714,0.323624595,0.485714285,10,1,74,0.80933888,85,309,17,37,63,0,0.064724919,0.116504854,0.264285714,0.323624595,0.485714285,10,1,74,0.80933888
Ehire Adrianza,1,1,1,0,0,2024,LAA,ATL,34,-0.4,11,616,0,5,11,0,0,0,0,0.09090909,0.363636363,0,0.09090909,0,0,0,0,0.09090909,8418,501303,37,110,0,8,7,1,0.1,0.227272727,0.175257731,0.263636363,0.206185567,2,0,17,0.46982193,109,209,5,32,28,0,0.100478468,0.200956937,0.247252747,0.326923076,0.401098901,4,0,45,0.728021977
Ehire Adrianza,1,1,1,0,0,2023,ATL,ATL,33,0.1,10,611,1,37,110,0,8,7,1,0.1,0.227272727,0.175257731,0.263636363,0.206185567,2,0,17,0.46982193,8418,501303,109,209,5,32,28,0,0.100478468,0.200956937,0.247252747,0.326923076,0.401098901,4,0,45,0.728021977,84,236,5,34,22,0,0.084745762,0.169491525,0.272277227,0.349137931,0.415841584,2,2,55,0.764979515
Ehire Adrianza,1,1.5,1.5,0,0,2022,WSN,ATL,32,1.3,9,574,0,109,209,5,32,28,0,0.100478468,0.200956937,0.247252747,0.326923076,0.401098901,4,0,45,0.728021977,8418,501303,84,236,5,34,22,0,0.084745762,0.169491525,0.272277227,0.349137931,0.415841584,2,2,55,0.764979515,84,236,5,34,22,0,0.084745762,0.169491525,0.272277227,0.349137931,0.415841584,2,2,55,0.764979515
Gerardo Parra,1,0.72,0.72,1,0,2022,WSN,WSN,35,0.4,12,1519,1,53,107,2,13,10,1,0.056074766,0.280373831,0.237113402,0.29245283,0.350515463,3,1,23,0.642968293,8553,467827,119,301,9,38,48,8,0.063122923,0.196013289,0.233576642,0.293333333,0.390510948,7,3,64,0.683844281,119,301,9,38,48,8,0.063122923,0.196013289,0.233576642,0.293333333,0.390510948,7,3,64,0.683844281
Donovan Solano,1,2,2,0,0,2023,MIN,CIN,35,3.6,9,686,0,80,304,4,22,24,0,0.0625,0.200657894,0.284172661,0.338815789,0.384892086,5,0,79,0.723707875,8623,456781,101,344,7,35,31,2,0.072674418,0.168604651,0.280130293,0.344023323,0.403908794,8,0,86,0.747932117,81,228,4,27,23,0,0.043859649,0.21491228,0.330232558,0.359649122,0.455813953,4,1,71,0.815463075
Donovan Solano,1,4.5,4.5,0,0,2022,CIN,SFG,34,4.1,8,606,0,101,344,7,35,31,2,0.072674418,0.168604651,0.280130293,0.344023323,0.403908794,8,0,86,0.747932117,8623,456781,81,228,4,27,23,0,0.043859649,0.21491228,0.330232558,0.359649122,0.455813953,4,1,71,0.815463075,81,228,4,27,23,0,0.043859649,0.21491228,0.330232558,0.359649122,0.455813953,4,1,71,0.815463075
Elvis Andrus,1,3,3,0,0,2023,CHW,CHW,34,3.3,14,1947,1,149,577,17,66,58,18,0.067590987,0.159445407,0.24859813,0.303292894,0.403738317,11,4,133,0.707031211,8709,462101,146,541,3,60,37,12,0.057301293,0.149722735,0.243460764,0.293680297,0.319919517,14,2,121,0.613599814,147,648,12,81,72,31,0.052469135,0.148148148,0.275,0.313271604,0.393333333,16,8,165,0.706604937
Starling Marte,4,78,19.5,0,0,2022,NYM,OAK,33,9.2,10,1134,0,120,526,12,89,55,47,0.081749049,0.188212927,0.310492505,0.382857142,0.458244111,6,5,145,0.841101253,9241,516782,132,586,23,97,82,25,0.042662116,0.160409556,0.294990723,0.342465753,0.502782931,15,6,159,0.845248684,132,586,23,97,82,25,0.042662116,0.160409556,0.294990723,0.342465753,0.502782931,15,6,159,0.845248684
AJ Pollock,1,7,7,0,0,2023,SEA,CHW,35,4.3,11,1033,0,138,527,14,61,56,3,0.060721062,0.185958254,0.245398773,0.292220113,0.388548057,13,1,120,0.68076817,9256,572041,117,422,21,53,69,9,0.071090047,0.189573459,0.296875,0.355450236,0.536458333,4,1,114,0.891908569,86,342,15,49,47,5,0.067251461,0.216374269,0.266233766,0.32748538,0.467532467,7,1,82,0.795017847
Brock Holt,1,0.72,0.72,1,0,2022,ATL,TEX,34,1.1,10,751,0,77,260,2,21,23,5,0.088461538,0.188461538,0.208510638,0.28076923,0.29787234,5,1,49,0.57864157,9345,571788,87,295,3,38,31,1,0.094915254,0.193220338,0.297297297,0.369491525,0.401544401,4,0,77,0.771035926,87,295,3,38,31,1,0.094915254,0.193220338,0.297297297,0.369491525,0.401544401,4,0,77,0.771035926
Evan Longoria,1,4,4,0,0,2023,ARI,SFG,37,3.1,15,1912,0,89,298,14,31,42,0,0.090604026,0.278523489,0.244360902,0.315436241,0.451127819,6,0,65,0.76656406,9368,446334,81,291,13,45,46,1,0.120274914,0.233676975,0.260869565,0.350515463,0.482213438,9,1,66,0.832728901,129,508,20,59,69,3,0.084645669,0.22047244,0.253863134,0.324803149,0.437086092,14,1,115,0.761889241
Yan Gomes,2,13,6.5,0,1,2022,CHC,OAK,34,4.7,10,882,0,103,375,14,49,52,0,0.050666666,0.208,0.252148997,0.301333333,0.421203438,15,0,88,0.722536771,9627,543228,97,358,12,36,43,2,0.106145251,0.234636871,0.222929936,0.315642458,0.388535031,7,0,70,0.704177489,97,358,12,36,43,2,0.106145251,0.234636871,0.222929936,0.315642458,0.388535031,7,0,70,0.704177489
Christian Vazquez,3,30,10,0,1,2023,MIN,HOU,32,4.1,8,733,0,119,426,9,41,52,1,0.051643192,0.16197183,0.273869346,0.31455399,0.399497487,10,4,109,0.714051477,9774,543877,138,498,6,51,49,8,0.06626506,0.168674698,0.257641921,0.307847082,0.351528384,15,4,118,0.659375466,138,521,23,66,72,4,0.063339731,0.193857965,0.275933609,0.32046332,0.477178423,17,2,133,0.797641743
Andrew McCutchen,1,5,5,0,0,2024,PIT,PIT,37,3.9,15,2007,1,112,473,12,55,43,11,0.158562367,0.21141649,0.256410256,0.378435517,0.397435897,8,3,100,0.775871414,9847,457705,134,580,17,66,69,8,0.098275862,0.213793103,0.236893203,0.315517241,0.384466019,10,6,122,0.69998326,144,574,27,78,80,6,0.141114982,0.229965156,0.221991701,0.334494773,0.443983402,10,1,107,0.778478175
Andrew McCutchen,1,5,5,0,0,2023,PIT,MIL,36,2.4,14,1895,0,134,580,17,66,69,8,0.098275862,0.213793103,0.236893203,0.315517241,0.384466019,10,6,122,0.69998326,9847,457705,144,574,27,78,80,6,0.141114982,0.229965156,0.221991701,0.334494773,0.443983402,10,1,107,0.778478175,59,262,10,45,29,2,0.164122137,0.209923664,0.255707762,0.377862595,0.456621004,1,1,56,0.834483599
Andrew McCutchen,1,8.5,8.5,0,0,2022,MIL,PHI,35,3,13,1761,0,144,574,27,78,80,6,0.141114982,0.229965156,0.221991701,0.334494773,0.443983402,10,1,107,0.778478175,9847,457705,59,262,10,45,29,2,0.164122137,0.209923664,0.255707762,0.377862595,0.456621004,1,1,56,0.834483599,59,262,10,45,29,2,0.164122137,0.209923664,0.255707762,0.377862595,0.456621004,1,1,56,0.834483599
Trayce Thompson,1,0.72,0.72,1,0,2024,NYM,CHW,33,1.8,7,369,0,72,179,6,17,17,2,0.134078212,0.430167597,0.163398692,0.284916201,0.294117647,1,0,25,0.579033848,9952,572204,80,255,13,36,41,4,0.125490196,0.364705882,0.255707762,0.352941176,0.506849315,2,1,56,0.859790491,15,35,4,6,9,2,0.2,0.314285714,0.25,0.4,0.714285714,2,0,7,1.114285714
Chris Owings,1,0.72,0.72,1,0,2024,LAD,PIT,32,-0.2,11,720,0,11,25,0,0,0,0,0,0.48,0.16,0.16,0.16,1,0,4,0.32,10030,572008,27,68,0,6,0,1,0.147058823,0.352941176,0.107142857,0.253731343,0.142857142,3,0,6,0.396588485,21,50,1,9,5,2,0.14,0.3,0.325581395,0.42,0.627906976,0,1,14,1.047906976
Chris Owings,1,0.72,0.72,1,0,2023,PIT,NYY,31,0.3,10,710,0,27,68,0,6,0,1,0.147058823,0.352941176,0.107142857,0.253731343,0.142857142,3,0,6,0.396588485,10030,572008,21,50,1,9,5,2,0.14,0.3,0.325581395,0.42,0.627906976,0,1,14,1.047906976,67,196,3,13,14,5,0.071428571,0.397959183,0.138888888,0.209183673,0.233333333,2,2,25,0.442517006
Chris Owings,1,1,1,0,0,2022,BAL,COL,30,-0.4,9,684,0,21,50,1,9,5,2,0.14,0.3,0.325581395,0.42,0.627906976,0,1,14,1.047906976,10030,572008,67,196,3,13,14,5,0.071428571,0.397959183,0.138888888,0.209183673,0.233333333,2,2,25,0.442517006,67,196,3,13,14,5,0.071428571,0.397959183,0.138888888,0.209183673,0.233333333,2,2,25,0.442517006
Wil Myers,1,7.5,7.5,0,0,2023,CIN,SDP,32,3.8,10,1063,0,77,286,7,29,41,2,0.073426573,0.3006993,0.260536398,0.314685314,0.398467432,7,1,68,0.713152746,10047,571976,146,500,17,56,63,8,0.108,0.282,0.255656108,0.334,0.43438914,9,5,113,0.76838914,155,490,18,58,53,16,0.104081632,0.342857142,0.239080459,0.321063394,0.418390804,12,7,104,0.739454198
Jonathan Villar,1,6,6,0,0,2022,CHC,NYM,31,5.9,9,973,0,142,505,18,63,42,14,0.091089108,0.261386138,0.248898678,0.322067594,0.416299559,6,7,113,0.738367153,10071,542340,162,714,24,111,73,40,0.085434173,0.246498599,0.274143302,0.338959212,0.453271028,8,9,176,0.79223024,162,714,24,111,73,40,0.085434173,0.246498599,0.274143302,0.338959212,0.453271028,8,9,176,0.79223024
Billy Hamilton,1,0.72,0.72,1,0,2023,CHW,MIN,32,0.2,10,948,0,37,23,0,13,0,10,0.086956521,0.52173913,0.05,0.136363636,0.05,0,1,1,0.186363636,10199,571740,71,135,2,23,11,9,0.029629629,0.348148148,0.22047244,0.242424242,0.377952755,1,0,28,0.620376997,119,353,0,41,15,22,0.090651558,0.246458923,0.21835443,0.288571428,0.275316455,1,6,69,0.563887883
Billy Hamilton,1,0.72,0.72,1,0,2022,SEA,CHW,31,0.7,9,911,0,71,135,2,23,11,9,0.029629629,0.348148148,0.22047244,0.242424242,0.377952755,1,0,28,0.620376997,10199,571740,119,353,0,41,15,22,0.090651558,0.246458923,0.21835443,0.288571428,0.275316455,1,6,69,0.563887883,119,353,0,41,15,22,0.090651558,0.246458923,0.21835443,0.288571428,0.275316455,1,6,69,0.563887883
Tucker Barnhart,2,6.5,3.25,0,1,2024,ARI,LAD,33,-0.4,10,881,0,47,123,1,6,9,1,0.097560975,0.341463414,0.201834862,0.284552845,0.256880733,4,0,22,0.541433578,10200,571466,94,308,1,16,16,0,0.081168831,0.24025974,0.220640569,0.286644951,0.266903914,7,0,62,0.553548865,116,388,7,41,48,0,0.074742268,0.257731958,0.247126436,0.317010309,0.367816091,8,0,86,0.6848264
Tucker Barnhart,2,6.5,3.25,0,1,2023,CHC,DET,32,0.9,9,838,0,94,308,1,16,16,0,0.081168831,0.24025974,0.220640569,0.286644951,0.266903914,7,0,62,0.553548865,10200,571466,116,388,7,41,48,0,0.074742268,0.257731958,0.247126436,0.317010309,0.367816091,8,0,86,0.6848264,114,364,11,32,40,1,0.12087912,0.228021978,0.231012658,0.327823691,0.379746835,5,0,73,0.707570526
Jose Iglesias,1,0.72,0.72,1,0,2023,MIA,COL,33,1.8,11,1096,0,118,467,3,48,47,2,0.036402569,0.119914346,0.291571753,0.327623126,0.380410022,11,3,128,0.708033148,10231,578428,137,511,9,65,48,5,0.04109589,0.146771037,0.271221532,0.309197651,0.391304347,10,2,131,0.700501998,146,530,11,62,59,6,0.037735849,0.132075471,0.287698412,0.31758034,0.406746031,17,6,145,0.724326371
Jose Iglesias,1,0.72,0.72,1,0,2022,BOS,LAA,32,1.5,10,978,0,137,511,9,65,48,5,0.04109589,0.146771037,0.271221532,0.309197651,0.391304347,10,2,131,0.700501998,10231,578428,146,530,11,62,59,6,0.037735849,0.132075471,0.287698412,0.31758034,0.406746031,17,6,145,0.724326371,146,530,11,62,59,6,0.037735849,0.132075471,0.287698412,0.31758034,0.406746031,17,6,145,0.724326371
Randal Grichuk,1,2,2,0,0,2024,ARI,LAA,32,2.2,10,1141,0,118,471,16,65,44,2,0.061571125,0.203821656,0.267281105,0.320594479,0.458525345,11,2,116,0.779119824,10243,545341,141,538,19,60,73,4,0.044609665,0.236059479,0.25889328,0.299256505,0.424901185,12,0,131,0.72415769,149,545,22,59,81,0,0.049541284,0.209174311,0.2407045,0.280733944,0.422700587,17,3,123,0.703434531
Brandon Belt,1,9.3,9.3,0,0,2023,TOR,SFG,35,5.1,12,1310,0,78,298,8,25,23,1,0.124161073,0.27181208,0.212598425,0.325503355,0.3503937,9,0,54,0.675897055,10264,474832,97,381,29,65,59,3,0.125984251,0.270341207,0.273846153,0.377952755,0.596923076,9,2,89,0.974875831,156,616,17,76,57,4,0.134740259,0.206168831,0.233840304,0.339285714,0.403041825,6,3,123,0.742327539
Brandon Belt,1,18.4,18.4,0,0,2022,SFG,SFG,34,5.2,11,1232,1,97,381,29,65,59,3,0.125984251,0.270341207,0.273846153,0.377952755,0.596923076,9,2,89,0.974875831,10264,474832,156,616,17,76,57,4,0.134740259,0.206168831,0.233840304,0.339285714,0.403041825,6,3,123,0.742327539,156,616,17,76,57,4,0.134740259,0.206168831,0.233840304,0.339285714,0.403041825,6,3,123,0.742327539
Rafael Ortega,1,0.74,0.74,0,0,2024,CHW,NYM,33,2.4,7,411,0,47,136,1,16,8,6,0.147058823,0.242647058,0.219298245,0.34074074,0.271929824,0,1,25,0.612670564,10323,542364,118,371,7,35,35,12,0.118598382,0.199460916,0.240506329,0.330623306,0.357594936,10,7,76,0.688218242,103,330,11,44,33,12,0.09090909,0.212121212,0.29054054,0.359756097,0.462837837,3,6,86,0.822593934
Rafael Ortega,1,0.72,0.72,1,0,2023,NYY,CHC,32,2.2,6,364,0,118,371,7,35,35,12,0.118598382,0.199460916,0.240506329,0.330623306,0.357594936,10,7,76,0.688218242,10323,542364,103,330,11,44,33,12,0.09090909,0.212121212,0.29054054,0.359756097,0.462837837,3,6,86,0.822593934,34,96,2,7,10,3,0.083333333,0.229166666,0.204545454,0.270833333,0.306818181,2,0,18,0.577651514
Enrique Hernandez,1,4,4,0,0,2024,LAD,LAD,32,5.8,10,1057,1,140,508,11,57,61,4,0.066929133,0.190944881,0.236559139,0.289370078,0.356989247,17,1,110,0.646359325,10472,571771,93,402,6,48,45,0,0.084577114,0.176616915,0.221606648,0.291044776,0.337950138,11,2,80,0.628994914,134,585,20,84,60,1,0.104273504,0.188034188,0.25,0.336752136,0.448818897,4,0,127,0.785571033
Cesar Hernandez,1,0.72,0.72,1,0,2023,DET,WSN,33,3,10,1186,0,147,617,1,64,34,10,0.072933549,0.184764991,0.248214285,0.311074918,0.317857142,9,4,139,0.62893206,10556,514917,149,637,21,84,62,1,0.092621664,0.211930926,0.231578947,0.307692307,0.385964912,11,1,132,0.693657219,161,667,14,77,71,9,0.067466266,0.149925037,0.279411764,0.332833583,0.408496732,9,2,171,0.741330315
Cesar Hernandez,1,4,4,0,0,2022,WSN,CHW,32,4.3,9,1039,0,149,637,21,84,62,1,0.092621664,0.211930926,0.231578947,0.307692307,0.385964912,11,1,132,0.693657219,10556,514917,161,667,14,77,71,9,0.067466266,0.149925037,0.279411764,0.332833583,0.408496732,9,2,171,0.741330315,161,667,14,77,71,9,0.067466266,0.149925037,0.279411764,0.332833583,0.408496732,9,2,171,0.741330315
Rob Brantly,1,0.72,0.72,1,1,2022,NYY,NYY,32,-0.3,7,133,1,6,21,0,0,0,0,0,0.19047619,0.15,0.19047619,0.2,0,0,3,0.39047619,10655,542963,1,1,0,0,0,0,0,1,0,0,0,0,0,0,0,1,1,0,0,0,0,0,1,0,0,0,0,0,0,0
Gio Urshela,1,1.5,1.5,0,0,2024,DET,LAA,32,4.5,8,664,0,62,228,2,22,24,3,0.043859649,0.157894736,0.29906542,0.328947368,0.373831775,9,2,64,0.702779143,10681,570482,144,551,13,61,64,1,0.074410163,0.174228675,0.285429141,0.337568058,0.429141716,21,0,143,0.766709774,116,442,14,42,49,1,0.045248868,0.246606334,0.266666666,0.300904977,0.419047619,16,0,112,0.719952596
Ryan LaMarre,1,0.72,0.72,1,0,2022,NYY,NYY,33,0,6,128,1,9,24,2,3,4,1,0.083333333,0.25,0.19047619,0.291666666,0.476190476,1,0,4,0.767857142,10700,534606,14,26,2,3,3,1,0.115384615,0.192307692,0.217391304,0.307692307,0.478260869,0,1,5,0.785953176,14,26,2,3,3,1,0.115384615,0.192307692,0.217391304,0.307692307,0.478260869,0,1,5,0.785953176
Corey Dickerson,1,2.25,2.25,0,0,2023,WSN,STL,34,0.4,10,1033,0,97,297,6,28,36,0,0.04040404,0.161616161,0.266903914,0.299663299,0.398576512,4,0,75,0.698239811,10762,572816,109,365,6,43,29,6,0.06849315,0.186301369,0.270833333,0.326027397,0.407738095,8,5,91,0.733765492,78,279,12,33,59,1,0.05734767,0.200716845,0.303846153,0.340501792,0.565384615,4,0,79,0.905886407
Corey Dickerson,1,5,5,0,0,2022,STL,TOR,33,1.3,9,937,0,109,365,6,43,29,6,0.06849315,0.186301369,0.270833333,0.326027397,0.407738095,8,5,91,0.733765492,10762,572816,78,279,12,33,59,1,0.05734767,0.200716845,0.303846153,0.340501792,0.565384615,4,0,79,0.905886407,78,279,12,33,59,1,0.05734767,0.200716845,0.303846153,0.340501792,0.565384615,4,0,79,0.905886407
Jurickson Profar,1,1,1,0,0,2024,SDP,SDP,31,1.7,10,961,1,125,521,9,55,46,1,0.095969289,0.172744721,0.241830065,0.321153846,0.368191721,11,0,111,0.689345567,10815,595777,152,658,15,82,58,5,0.110942249,0.156534954,0.24347826,0.331297709,0.391304347,12,1,140,0.722602056,137,412,4,47,33,10,0.118932038,0.15776699,0.226628895,0.329268292,0.320113314,12,5,80,0.649381606
Jurickson Profar,1,7.75,7.75,0,0,2023,COL,SDP,30,4.3,9,836,0,152,658,15,82,58,5,0.110942249,0.156534954,0.24347826,0.331297709,0.391304347,12,1,140,0.722602056,10815,595777,137,412,4,47,33,10,0.118932038,0.15776699,0.226628895,0.329268292,0.320113314,12,5,80,0.649381606,139,518,20,65,67,9,0.092664092,0.144787644,0.217864923,0.301158301,0.409586056,12,1,100,0.710744357
Andrelton Simmons,1,4,4,0,0,2022,CHC,MIN,32,3.4,10,1191,0,131,451,3,37,31,1,0.070953436,0.137472283,0.22330097,0.283482142,0.274271844,14,0,92,0.557753986,10847,592743,103,424,7,47,40,10,0.056603773,0.08726415,0.263819095,0.308962264,0.364321608,21,2,105,0.673283872,103,424,7,47,40,10,0.056603773,0.08726415,0.263819095,0.308962264,0.364321608,21,2,105,0.673283872
Adam Duvall,1,3,3,0,0,2024,ATL,BOS,35,4.5,10,922,0,92,353,21,45,58,4,0.062322946,0.31161473,0.246875,0.303116147,0.53125,0,0,79,0.834366147,10950,594807,86,315,12,39,36,0,0.066666666,0.32063492,0.212543554,0.276190476,0.400696864,2,2,61,0.67688734,146,555,38,67,113,5,0.063063063,0.313513513,0.228070175,0.281081081,0.49122807,7,0,117,0.772309151
Adam Duvall,1,7,7,0,0,2023,BOS,ATL,34,3.8,9,830,0,86,315,12,39,36,0,0.066666666,0.32063492,0.212543554,0.276190476,0.400696864,2,2,61,0.67688734,10950,594807,146,555,38,67,113,5,0.063063063,0.313513513,0.228070175,0.281081081,0.49122807,7,0,117,0.772309151,41,130,10,17,19,0,0.053846153,0.3,0.266666666,0.315384615,0.566666666,0,0,32,0.882051281
Phil Gosselin,1,0.72,0.72,1,0,2022,ATL,LAA,33,-0.7,9,463,0,104,373,7,40,47,4,0.064343163,0.217158176,0.260869565,0.313672922,0.36231884,3,2,90,0.675991762,10953,594838,44,68,0,5,7,0,0.044117647,0.235294117,0.261538461,0.294117647,0.307692307,1,0,17,0.601809954,44,68,0,5,7,0,0.044117647,0.235294117,0.261538461,0.294117647,0.307692307,1,0,17,0.601809954
Kevin Kiermaier,1,10.5,10.5,0,0,2024,TOR,TOR,34,8.2,11,1043,1,129,408,8,58,36,14,0.071078431,0.210784313,0.264864864,0.321867321,0.418918918,9,1,98,0.740786239,11038,595281,63,221,7,28,22,6,0.063348416,0.276018099,0.228155339,0.280542986,0.368932038,2,1,47,0.649475024,122,390,4,54,37,9,0.084615384,0.253846153,0.258620689,0.328205128,0.387931034,4,5,90,0.716136162
Kevin Kiermaier,1,9,9,0,0,2023,TOR,TBR,33,6.1,10,914,0,63,221,7,28,22,6,0.063348416,0.276018099,0.228155339,0.280542986,0.368932038,2,1,47,0.649475024,11038,595281,122,390,4,54,37,9,0.084615384,0.253846153,0.258620689,0.328205128,0.387931034,4,5,90,0.716136162,129,480,14,60,55,19,0.054166666,0.216666666,0.228187919,0.277661795,0.39821029,8,5,102,0.675872085
Kole Calhoun,1,0.72,0.72,1,0,2023,SEA,TEX,35,-0.4,11,1196,0,125,424,12,36,49,3,0.063679245,0.320754716,0.195876288,0.257075471,0.329896907,6,2,76,0.586972378,11200,594777,51,182,5,17,17,1,0.082417582,0.225274725,0.234939759,0.296703296,0.373493975,2,0,39,0.670197271,152,632,33,92,74,4,0.110759493,0.256329113,0.231884057,0.324881141,0.467391304,14,1,128,0.792272445
Kole Calhoun,1,5.2,5.2,0,0,2022,TEX,ARI,34,2.9,10,1071,0,51,182,5,17,17,1,0.082417582,0.225274725,0.234939759,0.296703296,0.373493975,2,0,39,0.670197271,11200,594777,152,632,33,92,74,4,0.110759493,0.256329113,0.231884057,0.324881141,0.467391304,14,1,128,0.792272445,152,632,33,92,74,4,0.110759493,0.256329113,0.231884057,0.324881141,0.467391304,14,1,128,0.792272445
Whit Merrifield,1,8,8,0,0,2024,PHI,TOR,35,4.4,8,1052,0,145,592,11,66,67,26,0.06081081,0.170608108,0.272394881,0.317567567,0.382084095,15,10,149,0.699651662,11281,593160,139,550,11,70,58,16,0.069090909,0.154545454,0.25,0.298181818,0.375,11,5,126,0.673181818,162,720,10,97,74,40,0.055555555,0.143055555,0.277108433,0.316666666,0.394578313,12,4,184,0.711244979
Adrian Sanchez,1,0.72,0.72,1,0,2022,WSN,WSN,31,0,4,106,1,16,38,0,5,1,0,0.078947368,0.105263157,0.257142857,0.315789473,0.314285714,2,0,9,0.630075187,11338,506703,28,32,0,3,1,0,0.03125,0.3125,0.225806451,0.25,0.225806451,0,0,7,0.475806451,28,32,0,3,1,0,0.03125,0.3125,0.225806451,0.25,0.225806451,0,0,7,0.475806451
Jake Marisnick,1,0.72,0.72,1,0,2024,LAA,LAD,33,0.9,11,877,0,46,83,2,10,10,2,0.036144578,0.253012048,0.236842105,0.280487804,0.407894736,4,3,18,0.68838254,11339,545350,31,82,2,9,6,2,0.048780487,0.292682926,0.233766233,0.271604938,0.389610389,2,1,18,0.661215327,99,198,5,21,24,4,0.055555555,0.328282828,0.21590909,0.285714285,0.375,4,1,38,0.660714285
Jake Marisnick,1,0.72,0.72,1,0,2023,CHW,ATL,32,0.7,10,831,0,31,82,2,9,6,2,0.048780487,0.292682926,0.233766233,0.271604938,0.389610389,2,1,18,0.661215327,11339,545350,99,198,5,21,24,4,0.055555555,0.328282828,0.21590909,0.285714285,0.375,4,1,38,0.660714285,120,318,10,46,34,10,0.053459119,0.298742138,0.232876712,0.288888888,0.410958904,6,3,68,0.699847792
Jake Marisnick,1,0.72,0.72,0,0,2022,TEX,SDP,31,1.9,9,800,0,99,198,5,21,24,4,0.055555555,0.328282828,0.21590909,0.285714285,0.375,4,1,38,0.660714285,11339,545350,120,318,10,46,34,10,0.053459119,0.298742138,0.232876712,0.288888888,0.410958904,6,3,68,0.699847792,120,318,10,46,34,10,0.053459119,0.298742138,0.232876712,0.288888888,0.410958904,6,3,68,0.699847792
Jesus Aguilar,1,3,3,0,0,2023,OAK,BAL,33,1,9,759,0,129,507,16,39,51,1,0.055226824,0.234714003,0.234913793,0.281437125,0.379310344,8,0,109,0.660747469,11342,542583,131,510,22,49,93,0,0.090196078,0.182352941,0.260579064,0.328712871,0.458797327,11,0,117,0.787510198,131,369,12,39,50,0,0.116531165,0.219512195,0.235668789,0.325136612,0.388535031,12,0,74,0.713671643
Yasmani Grandal,1,2.5,2.5,0,1,2024,PIT,CHW,35,1.6,12,1235,0,118,405,8,33,33,0,0.088888888,0.212345679,0.234159779,0.308641975,0.338842975,11,0,85,0.64748495,11368,518735,99,376,5,15,27,1,0.119680851,0.210106382,0.201834862,0.300531914,0.269113149,8,0,66,0.569645063,93,375,23,60,62,0,0.232,0.218666666,0.240143369,0.419786096,0.519713261,15,0,67,0.939499357
Delino DeShields,1,0.72,0.72,1,0,2022,MIA,CIN,29,1.5,7,601,0,25,58,1,4,6,2,0.155172413,0.189655172,0.255319148,0.375,0.425531914,0,1,12,0.800531914,11379,592261,118,408,4,42,32,24,0.093137254,0.245098039,0.249299719,0.325,0.347338935,8,6,89,0.672338935,118,408,4,42,32,24,0.093137254,0.245098039,0.249299719,0.325,0.347338935,8,6,89,0.672338935
Gary Sanchez,1,3,3,0,1,2024,MIL,SDP,31,3.9,9,741,0,75,267,19,33,47,0,0.078651685,0.250936329,0.216666666,0.288389513,0.491666666,3,0,52,0.780056179,11442,596142,128,471,16,42,61,2,0.08492569,0.288747346,0.205250596,0.282377919,0.377088305,12,0,86,0.659466224,117,440,23,54,54,0,0.118181818,0.275,0.203655352,0.306818181,0.422976501,14,0,78,0.729794682
Mark Canha,2,26.5,13.25,0,0,2022,NYM,OAK,33,8.3,7,645,0,141,625,17,93,61,12,0.1232,0.2048,0.231213872,0.3584,0.387283236,9,2,120,0.745683236,11445,592192,126,497,26,80,58,3,0.134808853,0.21529175,0.273170731,0.396378269,0.51707317,10,2,112,0.913451439,126,497,26,80,58,3,0.134808853,0.21529175,0.273170731,0.396378269,0.51707317,10,2,112,0.913451439
Tony Wolters,1,0.72,0.72,1,1,2023,MIN,LAD,31,-0.7,7,407,0,2,4,0,0,0,0,0,0.75,0,0,0,0,0,0,0,11470,547172,14,30,0,3,0,0,0.166666666,0.4,0.125,0.275862068,0.125,1,1,3,0.400862068,121,411,1,42,42,0,0.08759124,0.165450121,0.26183844,0.337408312,0.328690807,9,1,94,0.666099119
Odubel Herrera,1,1.75,1.75,0,0,2022,PHI,PHI,30,1.3,6,755,1,124,492,13,59,51,6,0.058943089,0.156504065,0.26,0.310204081,0.415555555,6,1,117,0.725759636,11476,546318,39,139,1,12,16,2,0.07913669,0.237410071,0.222222222,0.287769784,0.341269841,0,2,28,0.629039625,39,139,1,12,16,2,0.07913669,0.237410071,0.222222222,0.287769784,0.341269841,0,2,28,0.629039625
Michael A. Taylor,1,4.5,4.5,0,0,2024,PIT,MIN,33,7.7,10,969,0,129,388,21,48,51,13,0.067010309,0.335051546,0.219718309,0.277922077,0.442253521,7,1,78,0.720175598,11489,572191,124,456,9,49,43,4,0.076754385,0.239035087,0.253623188,0.31277533,0.357487922,6,2,105,0.670263252,142,528,12,58,54,14,0.0625,0.272727272,0.244306418,0.296577946,0.35610766,9,7,118,0.652685606
Yolmer Sanchez,1,0.72,0.72,1,0,2023,ATL,NYM,31,-0.3,8,674,0,17,44,0,1,2,0,0.113636363,0.295454545,0.108108108,0.214285714,0.108108108,0,2,4,0.322393822,11602,570560,NULL,NULL,NULL,NULL,NULL,NULL,NULL,NULL,NULL,NULL,NULL,NULL,NULL,NULL,NULL,149,555,2,59,43,5,0.079279279,0.21081081,0.252016129,0.317518248,0.320564516,7,4,125,0.638082764
Willson Contreras,5,87.5,17.5,0,1,2023,STL,CHC,31,8.9,7,734,0,113,487,22,65,55,4,0.092402464,0.211498973,0.242788461,0.349075975,0.466346153,14,2,101,0.815422128,11609,575929,128,483,21,61,57,5,0.107660455,0.285714285,0.237288135,0.339544513,0.438256658,11,4,98,0.777801171,105,409,24,57,64,1,0.092909535,0.249388753,0.272222222,0.354523227,0.533333333,4,2,98,0.88785656
Brandon Drury,2,17,8.5,0,0,2023,LAA,SDP,30,1.8,8,645,0,138,568,28,87,87,2,0.066901408,0.221830985,0.262548262,0.320422535,0.492277992,8,3,136,0.812700527,11615,592273,51,88,4,7,14,0,0.034090909,0.25,0.273809523,0.306818181,0.476190476,3,0,23,0.783008657,120,447,15,43,41,0,0.055928411,0.25279642,0.217703349,0.261744966,0.380382775,6,1,91,0.642127741
Brandon Drury,1,0.9,0.9,0,0,2022,CIN,NYM,29,-1.5,7,507,0,51,88,4,7,14,0,0.034090909,0.25,0.273809523,0.306818181,0.476190476,3,0,23,0.783008657,11615,592273,120,447,15,43,41,0,0.055928411,0.25279642,0.217703349,0.261744966,0.380382775,6,1,91,0.642127741,120,447,15,43,41,0,0.055928411,0.25279642,0.217703349,0.261744966,0.380382775,6,1,91,0.642127741
Nick Castellanos,5,100,20,0,0,2022,PHI,CIN,30,6.2,9,1086,0,138,585,34,95,100,3,0.07008547,0.206837606,0.308851224,0.362393162,0.576271186,16,1,164,0.938664348,11737,592206,151,664,27,100,73,2,0.061746987,0.215361445,0.289430894,0.337349397,0.525203252,12,2,178,0.862552649,151,664,27,100,73,2,0.061746987,0.215361445,0.289430894,0.337349397,0.525203252,12,2,178,0.862552649
Joc Pederson,1,12.5,12.5,0,0,2024,ARI,SFG,32,2.1,10,1140,0,121,425,15,59,51,0,0.134117647,0.209411764,0.234636871,0.348235294,0.416201117,12,0,84,0.764436411,11899,592626,134,433,23,57,70,3,0.09699769,0.230946882,0.27368421,0.353348729,0.521052631,5,2,104,0.87440136,137,481,18,55,61,2,0.081081081,0.243243243,0.237762237,0.309771309,0.421911421,9,3,102,0.73168273
Joc Pederson,1,19.65,19.65,0,0,2023,SFG,SFG,31,1.2,9,1019,1,134,433,23,57,70,3,0.09699769,0.230946882,0.27368421,0.353348729,0.521052631,5,2,104,0.87440136,11899,592626,137,481,18,55,61,2,0.081081081,0.243243243,0.237762237,0.309771309,0.421911421,9,3,102,0.73168273,149,514,36,83,74,1,0.097276264,0.215953307,0.248888888,0.3385214,0.537777777,4,1,112,0.876299177
Joc Pederson,1,6,6,0,0,2022,SFG,ATL,30,2.6,8,885,0,137,481,18,55,61,2,0.081081081,0.243243243,0.237762237,0.309771309,0.421911421,9,3,102,0.73168273,11899,592626,149,514,36,83,74,1,0.097276264,0.215953307,0.248888888,0.3385214,0.537777777,4,1,112,0.876299177,149,514,36,83,74,1,0.097276264,0.215953307,0.248888888,0.3385214,0.537777777,4,1,112,0.876299177
Hanser Alberto,1,1.3,1.3,0,0,2023,CHW,LAD,30,1.2,7,458,0,73,159,2,13,15,0,0.018867924,0.157232704,0.243589743,0.257861635,0.365384615,7,1,38,0.62324625,11902,593643,103,255,2,25,24,3,0.015686274,0.101960784,0.269709543,0.290836653,0.402489626,1,1,65,0.693326279,139,550,12,62,51,4,0.029090909,0.09090909,0.305343511,0.329067641,0.421755725,9,4,160,0.750823366
Hanser Alberto,1,1.6,1.6,0,0,2022,LAD,KCR,29,4.6,6,385,0,103,255,2,25,24,3,0.015686274,0.101960784,0.269709543,0.290836653,0.402489626,1,1,65,0.693326279,11902,593643,139,550,12,62,51,4,0.029090909,0.09090909,0.305343511,0.329067641,0.421755725,9,4,160,0.750823366,139,550,12,62,51,4,0.029090909,0.09090909,0.305343511,0.329067641,0.421755725,9,4,160,0.750823366
Niko Goodrum,1,0.72,0.72,1,0,2023,BOS,HOU,31,-0.2,6,402,0,15,45,0,2,1,1,0.044444444,0.511111111,0.116279069,0.155555555,0.162790697,0,0,5,0.318346252,12092,592348,90,325,9,39,33,14,0.089230769,0.329230769,0.213793103,0.292307692,0.358620689,6,5,62,0.650928381,112,472,12,61,45,12,0.097457627,0.292372881,0.24822695,0.322033898,0.420803782,7,3,105,0.74283768
Niko Goodrum,1,2.1,2.1,0,0,2022,HOU,DET,30,1.5,5,387,0,90,325,9,39,33,14,0.089230769,0.329230769,0.213793103,0.292307692,0.358620689,6,5,62,0.650928381,12092,592348,112,472,12,61,45,12,0.097457627,0.292372881,0.24822695,0.322033898,0.420803782,7,3,105,0.74283768,112,472,12,61,45,12,0.097457627,0.292372881,0.24822695,0.322033898,0.420803782,7,3,105,0.74283768
Eddie Rosario,1,4,4,1,0,2024,WSN,ATL,32,0.5,9,1030,0,142,516,21,64,74,3,0.065891472,0.236434108,0.255230125,0.304854368,0.449790794,13,4,122,0.754645162,12155,592696,80,270,5,27,24,3,0.062962962,0.251851851,0.212,0.259259259,0.328,3,0,53,0.587259259,111,412,14,42,62,11,0.063106796,0.148058252,0.258575197,0.304878048,0.4353562,4,3,98,0.740234248
Eddie Rosario,2,18,9,0,0,2022,ATL,ATL,30,3.8,7,808,1,111,412,14,42,62,11,0.063106796,0.148058252,0.258575197,0.304878048,0.4353562,4,3,98,0.740234248,12155,592696,137,590,32,91,109,3,0.037288135,0.145762711,0.275800711,0.3,0.5,10,1,155,0.8,137,590,32,91,109,3,0.037288135,0.145762711,0.275800711,0.3,0.5,10,1,155,0.8
Ben Gamel,1,0.72,0.72,1,0,2024,NYM,SDP,32,-0.4,8,685,0,6,15,0,2,2,0,0,0.133333333,0.2,0.2,0.266666666,0,0,3,0.466666666,12160,592325,115,423,9,42,46,5,0.113475177,0.231678486,0.231805929,0.323877068,0.369272237,5,1,86,0.693149305,122,400,8,43,26,3,0.1275,0.2625,0.247058823,0.346733668,0.388235294,7,6,84,0.734968962
Ben Gamel,1,0.72,0.72,1,0,2023,TBR,PIT,31,-0.6,7,679,0,115,423,9,42,46,5,0.113475177,0.231678486,0.231805929,0.323877068,0.369272237,5,1,86,0.693149305,12160,592325,122,400,8,43,26,3,0.1275,0.2625,0.247058823,0.346733668,0.388235294,7,6,84,0.734968962,134,356,7,47,33,2,0.11235955,0.292134831,0.247588424,0.337078651,0.372990353,0,2,77,0.710069004
Xander Bogaerts,11,280,25.45454545,0,0,2023,SDP,BOS,30,12.5,10,1264,0,150,631,15,84,73,8,0.090332805,0.187004754,0.307001795,0.37717908,0.456014362,14,2,171,0.833193442,12161,593428,144,603,23,90,79,5,0.102819237,0.187396351,0.29489603,0.369817578,0.493383742,13,1,156,0.86320132,155,698,33,110,117,4,0.108882521,0.1747851,0.309446254,0.383954154,0.555374592,11,2,190,0.939328746
Jorge Bonifacio,1,0.72,0.72,1,0,2022,PHI,PHI,29,-0.6,5,224,1,7,12,0,0,2,0,0.083333333,0.5,0.09090909,0.166666666,0.09090909,0,0,1,0.257575756,12174,593528,5,21,0,3,3,0,0.047619047,0.333333333,0.35,0.38095238,0.5,0,0,7,0.88095238,5,21,0,3,3,0,0.047619047,0.333333333,0.35,0.38095238,0.5,0,0,7,0.88095238
Maikel Franco,1,1.25,1.25,0,0,2022,WSN,ATL,29,-0.7,8,820,0,104,403,11,31,47,0,0.049627791,0.166253101,0.209549071,0.253101736,0.355437665,12,0,79,0.608539401,12179,596748,123,428,17,48,56,0,0.084112149,0.142523364,0.233933161,0.296728971,0.408740359,14,0,91,0.70546933,123,428,17,48,56,0,0.084112149,0.142523364,0.233933161,0.296728971,0.408740359,14,0,91,0.70546933
Jorge Alfaro,1,0.72,0.72,1,1,2024,CHC,MIA,31,-0.1,8,496,0,18,52,1,2,4,0,0.038461538,0.288461538,0.145833333,0.211538461,0.291666666,3,0,7,0.503205127,12180,595751,82,274,7,25,40,1,0.040145985,0.357664233,0.24609375,0.284671532,0.3828125,5,0,63,0.667484032,92,311,4,22,30,8,0.035369774,0.318327974,0.244067796,0.282958199,0.342372881,8,1,72,0.62533108
Scott Schebler,1,0.72,0.72,1,0,2022,COL,LAA,31,-1.1,7,394,0,14,34,0,3,0,0,0,0.5,0.147058823,0.147058823,0.235294117,0,0,5,0.38235294,12225,594988,30,95,2,11,7,0,0.147368421,0.284210526,0.12345679,0.252631578,0.222222222,3,1,10,0.4748538,30,95,2,11,7,0,0.147368421,0.284210526,0.12345679,0.252631578,0.222222222,3,1,10,0.4748538
Rougned Odor,1,0.8,0.8,0,0,2023,SDP,BAL,29,-0.4,9,1095,0,135,472,13,49,53,6,0.06779661,0.230932203,0.206572769,0.275423728,0.356807511,9,1,88,0.632231239,12282,596059,102,361,15,42,39,0,0.074792243,0.27700831,0.201863354,0.286111111,0.378881987,3,1,65,0.664993098,145,581,30,77,93,11,0.08950086,0.30636833,0.204980842,0.28275862,0.438697318,4,9,107,0.721455938
Rougned Odor,1,12.3,12.3,0,0,2022,BAL,NYY,28,-0.5,8,960,0,102,361,15,42,39,0,0.074792243,0.27700831,0.201863354,0.286111111,0.378881987,3,1,65,0.664993098,12282,596059,145,581,30,77,93,11,0.08950086,0.30636833,0.204980842,0.28275862,0.438697318,4,9,107,0.721455938,145,581,30,77,93,11,0.08950086,0.30636833,0.204980842,0.28275862,0.438697318,4,9,107,0.721455938
Jace Peterson,2,9.5,4.75,0,0,2023,OAK,MIL,33,3.3,9,740,0,113,328,8,44,34,12,0.100609756,0.259146341,0.236111111,0.31595092,0.381944444,8,1,68,0.697895364,12325,607054,94,302,6,36,31,10,0.125827814,0.225165562,0.247104247,0.347682119,0.366795366,1,1,64,0.714477485,29,108,2,14,11,4,0.055555555,0.222222222,0.22,0.268518518,0.33,1,1,22,0.598518518
Kevin Pillar,1,0.72,0.72,1,0,2024,CHW,ATL,35,0.2,11,1114,0,81,206,9,29,32,4,0.029126213,0.242718446,0.228426395,0.247572815,0.416243654,2,1,45,0.663816469,12434,607680,4,13,0,1,0,0,0.076923076,0.307692307,0.083333333,0.153846153,0.166666666,1,0,1,0.320512819,124,347,15,40,47,4,0.031700288,0.233429394,0.23076923,0.27665706,0.415384615,5,3,75,0.692041675
Kevin Pillar,1,3,3,0,0,2023,ATL,LAD,34,1.2,10,1033,0,4,13,0,1,0,0,0.076923076,0.307692307,0.083333333,0.153846153,0.166666666,1,0,1,0.320512819,12434,607680,124,347,15,40,47,4,0.031700288,0.233429394,0.23076923,0.27665706,0.415384615,5,3,75,0.692041675,161,645,21,83,88,14,0.027906976,0.137984496,0.258592471,0.286821705,0.432078559,15,5,158,0.718900264
Kevin Pillar,1,2.5,2.5,1,0,2022,LAD,NYM,33,1.8,9,1029,0,124,347,15,40,47,4,0.031700288,0.233429394,0.23076923,0.27665706,0.415384615,5,3,75,0.692041675,12434,607680,161,645,21,83,88,14,0.027906976,0.137984496,0.258592471,0.286821705,0.432078559,15,5,158,0.718900264,161,645,21,83,88,14,0.027906976,0.137984496,0.258592471,0.286821705,0.432078559,15,5,158,0.718900264
Curt Casali,1,0.72,0.72,0,1,2024,MIA,CIN,35,2.1,10,502,0,40,96,0,8,6,0,0.114583333,0.239583333,0.175,0.29032258,0.2,1,0,14,0.49032258,12510,592200,57,176,5,20,17,0,0.136363636,0.284090909,0.202702702,0.318181818,0.331081081,1,0,30,0.649262899,77,231,5,20,26,0,0.112554112,0.285714285,0.21,0.313043478,0.35,3,0,42,0.663043478
Curt Casali,1,3.25,3.25,0,1,2023,CIN,SEA,34,2.5,9,462,0,57,176,5,20,17,0,0.136363636,0.284090909,0.202702702,0.318181818,0.331081081,1,0,30,0.649262899,12510,592200,77,231,5,20,26,0,0.112554112,0.285714285,0.21,0.313043478,0.35,3,0,42,0.663043478,84,236,8,24,32,0,0.105932203,0.25,0.251207729,0.330508474,0.410628019,1,0,52,0.741136493
Kolten Wong,1,0.72,0.72,1,0,2024,BAL,LAD,33,5.5,11,1189,0,87,250,4,25,27,3,0.072,0.212,0.183035714,0.256,0.263392857,1,2,41,0.519392857,12532,543939,134,497,15,65,47,17,0.092555331,0.177062374,0.25116279,0.339393939,0.430232558,5,6,108,0.769626497,116,492,14,70,50,12,0.06300813,0.168699186,0.271910112,0.335365853,0.447191011,2,5,121,0.782556864
Marcus Semien,7,175,25,0,0,2022,TEX,TOR,31,16,9,1020,0,162,724,45,115,102,15,0.09116022,0.201657458,0.265337423,0.334254143,0.538343558,9,1,173,0.872597701,12533,543760,162,747,33,123,92,10,0.116465863,0.136546184,0.284627092,0.369477911,0.522070015,11,8,187,0.891547926,162,747,33,123,92,10,0.116465863,0.136546184,0.284627092,0.369477911,0.522070015,11,8,187,0.891547926
C.J. Cron,1,0.72,0.72,1,0,2024,BOS,LAA,34,5,10,1049,0,71,278,12,38,37,0,0.061151079,0.233812949,0.248062015,0.294964028,0.434108527,13,0,64,0.729072555,12546,543068,150,632,29,79,102,0,0.068037974,0.25949367,0.257391304,0.315372424,0.467826086,16,0,148,0.78319851,142,547,28,70,92,1,0.109689213,0.213893967,0.280851063,0.37477148,0.529787234,11,0,132,0.904558714
Trevor Story,6,140,23.33333333,0,0,2022,BOS,COL,29,13.7,6,745,0,142,595,24,88,75,20,0.08907563,0.233613445,0.25095057,0.329411764,0.471482889,7,6,132,0.800894653,12564,596115,145,656,35,111,85,23,0.088414634,0.265243902,0.294217687,0.362804878,0.554421768,3,8,173,0.917226646,145,656,35,111,85,23,0.088414634,0.265243902,0.294217687,0.362804878,0.554421768,3,8,173,0.917226646
Brad Miller,1,0.72,0.72,1,0,2024,SDP,TEX,34,-1.4,11,1055,0,27,67,1,8,6,0,0.149253731,0.164179104,0.214285714,0.328358208,0.339285714,1,0,12,0.667643922,12775,543543,81,241,7,20,32,4,0.074688796,0.290456431,0.211711711,0.269709543,0.319819819,3,2,47,0.589529362,140,377,20,53,49,3,0.119363395,0.297082228,0.226586102,0.320954907,0.453172205,7,0,75,0.774127112
Brad Miller,2,10,5,0,0,2022,TEX,PHI,32,2.7,9,947,0,140,377,20,53,49,3,0.119363395,0.297082228,0.226586102,0.320954907,0.453172205,7,0,75,0.774127112,12775,543543,79,170,13,26,25,2,0.088235294,0.264705882,0.259740259,0.329411764,0.564935064,2,0,40,0.894346828,79,170,13,26,25,2,0.088235294,0.264705882,0.259740259,0.329411764,0.564935064,2,0,40,0.894346828
Taylor Davis,1,0.72,0.72,1,1,2022,PIT,PIT,32,0,4,22,1,2,6,0,0,0,0,0.166666666,0,0.4,0.5,0.4,0,0,2,0.9,12782,543089,7,20,1,2,4,0,0.1,0.2,0.166666666,0.25,0.333333333,0,0,3,0.583333333,7,20,1,2,4,0,0.1,0.2,0.166666666,0.25,0.333333333,0,0,3,0.583333333
Brandon Nimmo,8,162,20.25,0,0,2023,NYM,NYM,30,10.4,7,608,1,151,673,16,102,64,3,0.105497771,0.172362555,0.274137931,0.367164179,0.43275862,9,2,159,0.799922799,12927,607043,92,386,8,51,28,5,0.139896373,0.204663212,0.292307692,0.401041666,0.436923076,3,4,95,0.837964742,69,254,8,34,29,3,0.181102362,0.279527559,0.221105527,0.375494071,0.407035175,1,0,44,0.782529246
Austin Hedges,1,4,4,0,1,2024,CLE,TEX,31,-1.4,9,686,0,82,212,1,14,16,1,0.051886792,0.221698113,0.183783783,0.233830845,0.227027027,7,0,34,0.460857872,12976,595978,105,338,7,26,30,2,0.073964497,0.23076923,0.163265306,0.240853658,0.248299319,12,0,48,0.489152977,88,312,10,32,31,1,0.048076923,0.278846153,0.178321678,0.219672131,0.307692307,7,0,51,0.527364438
Austin Hedges,1,5,5,0,1,2023,PIT,CLE,30,-0.6,8,605,0,105,338,7,26,30,2,0.073964497,0.23076923,0.163265306,0.240853658,0.248299319,12,0,48,0.489152977,12976,595978,88,312,10,32,31,1,0.048076923,0.278846153,0.178321678,0.219672131,0.307692307,7,0,51,0.527364438,102,347,11,28,36,1,0.077809798,0.314121037,0.176282051,0.252173913,0.310897435,3,0,55,0.563071348
Michael Perez,1,0.72,0.72,1,1,2023,NYM,NYM,30,-0.9,5,199,1,45,132,6,10,14,1,0.075757575,0.242424242,0.14876033,0.213740458,0.297520661,2,0,18,0.511261119,12977,605421,70,231,7,19,21,0,0.082251082,0.294372294,0.142857142,0.22077922,0.29047619,4,1,30,0.51125541,22,55,0,6,2,0,0.145454545,0.345454545,0.217391304,0.345454545,0.326086956,0,0,10,0.671541501
Javier Baez,6,140,23.33333333,0,0,2022,DET,NYM,29,11.9,8,862,0,138,547,31,80,87,18,0.051188299,0.336380255,0.264940239,0.318681318,0.494023904,12,5,133,0.812705222,12979,595879,138,561,29,89,85,11,0.049910873,0.278074866,0.280602636,0.315508021,0.531073446,16,7,149,0.846581467,138,561,29,89,85,11,0.049910873,0.278074866,0.280602636,0.315508021,0.531073446,16,7,149,0.846581467
Jackie Bradley Jr.,1,0.9,0.9,0,0,2023,KCR,TOR,33,0.9,10,1138,0,132,370,4,30,38,2,0.064864864,0.208108108,0.203488372,0.255434782,0.311046511,5,3,70,0.566481293,12984,598265,134,428,6,39,29,7,0.06542056,0.308411214,0.162790697,0.235981308,0.260981912,8,1,63,0.49696322,147,567,21,69,62,8,0.098765432,0.273368606,0.224696356,0.317375886,0.421052631,6,6,111,0.738428517
Teoscar Hernandez,1,23.5,23.5,0,0,2024,LAD,SEA,31,8.7,8,811,0,160,678,26,70,93,7,0.056047197,0.311209439,0.2576,0.305309734,0.4352,6,2,161,0.740509734,13066,606192,131,535,25,71,77,6,0.063551401,0.284112149,0.266533066,0.31588785,0.490981963,18,3,133,0.806869813,143,595,32,92,116,12,0.060504201,0.248739495,0.296363636,0.346218487,0.523636363,5,4,163,0.86985485
Josh Bell,2,33,16.5,0,0,2023,CLE,SDP,30,5.5,7,852,0,156,647,17,78,71,0,0.125193199,0.157650695,0.266304347,0.361801242,0.422101449,22,1,147,0.783902691,13145,605137,144,568,27,75,88,0,0.114436619,0.177816901,0.261044176,0.346830985,0.475903614,22,0,130,0.822734599,143,613,37,94,116,0,0.120717781,0.192495921,0.277039848,0.367047308,0.569259962,11,1,146,0.93630727
Mike Zunino,1,0.72,0.72,1,1,2023,CLE,TBR,32,2.8,10,850,0,36,123,5,7,16,0,0.048780487,0.373983739,0.147826086,0.195121951,0.304347826,2,0,17,0.499469777,13265,572287,109,375,33,64,62,0,0.090666666,0.352,0.216216216,0.301333333,0.558558558,7,0,72,0.859891891,90,289,9,30,32,0,0.069204152,0.339100346,0.165413533,0.23183391,0.312030075,4,0,44,0.543863985
Jake Lamb,1,0.72,0.72,1,0,2024,PIT,NYY,33,-0.4,10,723,0,19,54,2,7,5,0,0.055555555,0.277777777,0.215686274,0.259259259,0.352941176,1,0,11,0.612200435,13329,571875,41,111,3,13,6,0,0.099099099,0.342342342,0.216494845,0.315315315,0.391752577,4,1,21,0.707067892,55,170,7,25,19,0,0.129411764,0.3,0.194444444,0.305882352,0.368055555,4,0,28,0.673937907
Jake Lamb,1,1.25,1.25,0,0,2023,LAA,SEA,32,-0.9,9,705,0,41,111,3,13,6,0,0.099099099,0.342342342,0.216494845,0.315315315,0.391752577,4,1,21,0.707067892,13329,571875,55,170,7,25,19,0,0.129411764,0.3,0.194444444,0.305882352,0.368055555,4,0,28,0.673937907,78,226,6,26,30,1,0.14159292,0.243362831,0.192513368,0.323008849,0.352941176,4,0,36,0.675950025
Jake Lamb,1,0.72,0.72,1,0,2022,LAD,TOR,31,-0.6,8,664,0,55,170,7,25,19,0,0.129411764,0.3,0.194444444,0.305882352,0.368055555,4,0,28,0.673937907,13329,571875,78,226,6,26,30,1,0.14159292,0.243362831,0.192513368,0.323008849,0.352941176,4,0,36,0.675950025,78,226,6,26,30,1,0.14159292,0.243362831,0.192513368,0.323008849,0.352941176,4,0,36,0.675950025
Omar Narvaez,2,15,7.5,0,1,2023,NYM,MIL,31,1.7,7,600,0,84,296,4,21,23,0,0.097972972,0.192567567,0.20610687,0.291525423,0.305343511,4,0,54,0.596868934,13338,553882,123,445,11,54,49,0,0.092134831,0.188764044,0.265984654,0.341573033,0.401534526,13,0,104,0.743107559,132,482,22,63,55,0,0.097510373,0.190871369,0.278037383,0.352697095,0.460280373,5,0,119,0.812977468
Tyler Naquin,1,0.72,0.72,1,0,2023,MIL,NYM,32,0.2,7,557,0,105,334,11,47,46,4,0.056886227,0.278443113,0.229032258,0.282282282,0.422580645,3,2,71,0.704862927,13359,571980,127,454,19,52,70,5,0.077092511,0.233480176,0.270072992,0.332599118,0.476885644,9,3,111,0.809484762,89,294,10,34,34,4,0.047619047,0.224489795,0.288321167,0.325342465,0.467153284,8,2,79,0.792495749
Stephen Piscotty,1,0.72,0.72,1,0,2023,SFG,CIN,32,-1.4,8,726,0,42,139,5,12,14,2,0.064748201,0.345323741,0.19047619,0.251798561,0.341269841,2,0,24,0.593068402,13367,572039,72,188,5,14,16,1,0.069148936,0.255319148,0.219653179,0.281914893,0.352601156,2,0,38,0.634516049,93,393,13,46,44,2,0.073791348,0.213740458,0.249299719,0.308673469,0.411764705,13,0,89,0.720438174
Jesse Winker,1,1.5,1.5,0,0,2024,WSN,MIL,30,1.9,7,610,0,61,197,1,16,23,0,0.131979695,0.258883248,0.19879518,0.319796954,0.246987951,0,0,33,0.566784905,13590,608385,136,547,14,51,53,0,0.153564899,0.188299817,0.219298245,0.34369287,0.344298245,8,0,100,0.687991115,110,485,24,77,71,1,0.10927835,0.154639175,0.304964539,0.393814432,0.555555555,14,0,129,0.949369987
Jose Peraza,1,0.72,0.72,1,0,2022,NYY,NYM,28,-1.1,7,618,0,64,154,6,21,20,1,0.058441558,0.168831168,0.204225352,0.266233766,0.38028169,5,0,29,0.646515456,13593,606299,141,403,6,37,33,7,0.042183622,0.143920595,0.239361702,0.285359801,0.34574468,9,6,90,0.631104481,141,403,6,37,33,7,0.042183622,0.143920595,0.239361702,0.285359801,0.34574468,9,6,90,0.631104481
Jeimer Candelario,3,45,15,0,0,2024,CIN,CHC,30,7.1,8,746,0,140,576,22,77,70,8,0.092013888,0.220486111,0.251485148,0.335652173,0.471287128,11,1,127,0.806939301,13621,600869,124,467,13,49,50,0,0.059957173,0.23340471,0.216783216,0.271948608,0.361305361,9,1,93,0.633253969,149,626,16,75,67,0,0.103833865,0.215654952,0.271095152,0.351437699,0.443447037,10,0,151,0.794884736
Jeimer Candelario,1,5,5,0,0,2023,WSN,DET,29,6.2,7,606,0,124,467,13,49,50,0,0.059957173,0.23340471,0.216783216,0.271948608,0.361305361,9,1,93,0.633253969,13621,600869,149,626,16,75,67,0,0.103833865,0.215654952,0.271095152,0.351437699,0.443447037,10,0,151,0.794884736,94,386,8,33,32,3,0.111398963,0.256476683,0.202985074,0.305699481,0.337313432,3,1,68,0.643012913
Corey Seager,10,325,32.5,0,0,2022,TEX,LAD,28,8.6,7,636,0,95,409,16,54,57,1,0.117359413,0.161369193,0.305949008,0.393643031,0.521246458,8,1,108,0.914889489,13624,608369,134,541,19,82,87,1,0.081330868,0.181146025,0.27198364,0.334565619,0.482617586,8,0,133,0.817183205,134,541,19,82,87,1,0.081330868,0.181146025,0.27198364,0.334565619,0.482617586,8,0,133,0.817183205
Jacob Stallings,1,2,2,0,1,2024,COL,MIA,34,1.7,8,451,0,89,276,3,22,20,0,0.097826086,0.242753623,0.190871369,0.278388278,0.286307053,9,0,46,0.564695331,13723,607732,114,384,4,25,34,0,0.075520833,0.216145833,0.222543352,0.292428198,0.291907514,15,1,77,0.584335712,112,427,8,38,53,0,0.114754098,0.199063231,0.245989304,0.334894613,0.368983957,10,0,92,0.70387857
Elier Hernandez,1,0.25,0.25,1,0,2023,TEX,TEX,28,-0.4,1,14,1,14,35,0,4,3,0,0.028571428,0.428571428,0.181818181,0.2,0.242424242,1,0,6,0.442424242,13750,609274,NULL,NULL,NULL,NULL,NULL,NULL,NULL,NULL,NULL,NULL,NULL,NULL,NULL,NULL,NULL,NULL,NULL,NULL,NULL,NULL,NULL,NULL,NULL,NULL,NULL,NULL,NULL,NULL,NULL,NULL
Chris Taylor,4,60,15,0,0,2022,LAD,LAD,31,5.9,8,743,1,148,582,20,92,73,13,0.108247422,0.28694158,0.254437869,0.344234079,0.437869822,5,1,129,0.782103901,13757,621035,124,414,12,52,52,8,0.08937198,0.277777777,0.262295081,0.332524271,0.461748633,6,0,96,0.794272904,124,414,12,52,52,8,0.08937198,0.277777777,0.262295081,0.332524271,0.461748633,6,0,96,0.794272904
Travis Jankowski,1,1.7,1.7,0,0,2024,TEX,TEX,33,1.7,9,577,1,107,287,1,34,30,19,0.121951219,0.146341463,0.263157894,0.356643356,0.331983805,6,1,65,0.688627161,13768,608671,44,64,0,11,2,3,0.125,0.15625,0.163636363,0.28125,0.163636363,0,0,9,0.444886363,76,157,1,24,10,5,0.140127388,0.184713375,0.251908396,0.363636363,0.351145038,1,0,33,0.714781401
Travis Jankowski,1,1.25,1.25,0,0,2023,TEX,NYM,32,0,8,470,0,44,64,0,11,2,3,0.125,0.15625,0.163636363,0.28125,0.163636363,0,0,9,0.444886363,13768,608671,76,157,1,24,10,5,0.140127388,0.184713375,0.251908396,0.363636363,0.351145038,1,0,33,0.714781401,25,24,0,4,0,2,0.083333333,0.166666666,0.181818181,0.25,0.181818181,0,2,4,0.431818181
Travis Jankowski,1,1.25,1.25,0,0,2022,NYM,PHI,31,0.1,7,426,0,76,157,1,24,10,5,0.140127388,0.184713375,0.251908396,0.363636363,0.351145038,1,0,33,0.714781401,13768,608671,25,24,0,4,0,2,0.083333333,0.166666666,0.181818181,0.25,0.181818181,0,2,4,0.431818181,25,24,0,4,0,2,0.083333333,0.166666666,0.181818181,0.25,0.181818181,0,2,4,0.431818181
Kevin Plawecki,1,0.72,0.72,1,1,2023,PIT,BOS,32,-0.3,8,447,0,64,186,1,15,13,0,0.075268817,0.17204301,0.220238095,0.286486486,0.285714285,6,0,37,0.572200771,13807,608700,64,173,3,15,15,0,0.069364161,0.150289017,0.286624203,0.348837209,0.388535031,4,0,45,0.73737224,60,174,3,13,17,0,0.068965517,0.178160919,0.221518987,0.287356321,0.341772151,4,1,35,0.629128472
Matt Duffy,1,0.72,0.72,1,0,2024,TEX,KCR,33,1.6,8,704,0,79,209,2,17,16,1,0.057416267,0.18660287,0.2513089,0.306220095,0.324607329,4,0,48,0.630827424,13836,622110,77,247,2,14,16,0,0.06882591,0.202429149,0.25,0.307692307,0.311403508,6,0,57,0.619095815,97,322,5,45,30,8,0.077639751,0.195652173,0.287197231,0.357142857,0.380622837,16,1,83,0.737765694
Matt Duffy,1,1.5,1.5,0,0,2023,KCR,LAA,32,1.3,7,626,0,77,247,2,14,16,0,0.06882591,0.202429149,0.25,0.307692307,0.311403508,6,0,57,0.619095815,13836,622110,97,322,5,45,30,8,0.077639751,0.195652173,0.287197231,0.357142857,0.380622837,16,1,83,0.737765694,46,169,1,12,12,0,0.112426035,0.171597633,0.25170068,0.343195266,0.326530612,4,1,37,0.669725878
Matt Duffy,1,1.5,1.5,0,0,2022,LAA,CHC,31,1.8,6,549,0,97,322,5,45,30,8,0.077639751,0.195652173,0.287197231,0.357142857,0.380622837,16,1,83,0.737765694,13836,622110,46,169,1,12,12,0,0.112426035,0.171597633,0.25170068,0.343195266,0.326530612,4,1,37,0.669725878,46,169,1,12,12,0,0.112426035,0.171597633,0.25170068,0.343195266,0.326530612,4,1,37,0.669725878
Joey Wendle,1,2,2,0,0,2024,NYM,MIA,34,5.8,8,649,0,112,318,2,33,20,7,0.040880503,0.210691823,0.212121212,0.247619047,0.306397306,8,1,63,0.554016353,13853,621563,101,371,3,27,32,12,0.040431266,0.134770889,0.259365994,0.297297297,0.360230547,7,3,90,0.657527844,136,501,11,73,54,8,0.055888223,0.225548902,0.265217391,0.319361277,0.42173913,9,6,122,0.741100407
Tyler Heineman,1,0.72,0.72,1,1,2023,PIT,PIT,32,0.3,3,82,1,62,174,0,16,9,1,0.045977011,0.097701149,0.216560509,0.276470588,0.267515923,3,0,34,0.543986511,13897,623168,NULL,NULL,NULL,NULL,NULL,NULL,NULL,NULL,NULL,NULL,NULL,NULL,NULL,NULL,NULL,5,12,1,1,2,0,0,0.333333333,0.272727272,0.272727272,0.636363636,0,0,3,0.909090908
Joey Gallo,1,5,5,0,0,2024,WSN,MIN,30,5.4,9,863,0,111,332,21,39,40,1,0.144578313,0.427710843,0.177304964,0.301204819,0.439716312,3,1,50,0.740921131,14128,608336,126,410,19,48,47,3,0.136585365,0.397560975,0.16,0.280487804,0.357142857,0,0,56,0.637630661,153,616,38,90,77,6,0.180194805,0.34577922,0.19879518,0.35064935,0.457831325,6,0,99,0.808480675
Joey Gallo,1,11,11,0,0,2023,MIN,LAD,29,6.4,8,752,0,126,410,19,48,47,3,0.136585365,0.397560975,0.16,0.280487804,0.357142857,0,0,56,0.637630661,14128,608336,153,616,38,90,77,6,0.180194805,0.34577922,0.19879518,0.35064935,0.457831325,6,0,99,0.808480675,70,297,22,54,49,4,0.175084175,0.383838383,0.253112033,0.388513513,0.597510373,0,2,61,0.986023886
Daniel Vogelbach,1,2,2,0,0,2024,TOR,NYM,31,1.5,8,571,0,104,319,13,33,48,0,0.131661442,0.253918495,0.232727272,0.338557993,0.403636363,6,0,64,0.742194356,14130,596129,130,461,18,47,59,0,0.158351409,0.247288503,0.238341968,0.360086767,0.432642487,11,0,92,0.792729254,93,258,9,30,24,0,0.166666666,0.220930232,0.218604651,0.348837209,0.381395348,6,0,47,0.730232557
Carlos Correa,6,200,33.33333333,0,0,2023,MIN,MIN,28,14.2,8,888,1,136,590,22,70,64,0,0.10338983,0.205084745,0.291187739,0.366101694,0.46743295,18,1,152,0.833534644,14162,621043,148,640,26,104,92,0,0.1171875,0.18125,0.279279279,0.365625,0.484684684,16,0,155,0.850309684,75,321,21,42,59,1,0.109034267,0.233644859,0.278571428,0.358255451,0.567857142,8,0,78,0.926112593
Carlos Correa,3,105.3,35.1,0,0,2022,MIN,HOU,27,12.6,7,752,0,148,640,26,104,92,0,0.1171875,0.18125,0.279279279,0.365625,0.484684684,16,0,155,0.850309684,14162,621043,75,321,21,42,59,1,0.109034267,0.233644859,0.278571428,0.358255451,0.567857142,8,0,78,0.926112593,75,321,21,42,59,1,0.109034267,0.233644859,0.278571428,0.358255451,0.567857142,8,0,78,0.926112593
Andrew Velazquez,1,0.72,0.72,1,0,2024,ATL,ATL,29,0.9,6,275,1,54,94,2,12,3,13,0.106382978,0.319148936,0.172839506,0.263736263,0.283950617,1,3,14,0.54768688,14196,623205,125,349,9,37,28,17,0.042979942,0.340974212,0.195652173,0.236151603,0.304347826,3,1,63,0.540499429,28,68,1,11,6,4,0.014705882,0.338235294,0.223880597,0.235294117,0.358208955,1,1,15,0.593503072
Jorge Soler,3,42,14,0,0,2024,SFG,MIA,32,2,10,870,0,137,580,36,77,75,1,0.113793103,0.243103448,0.25,0.34137931,0.511904761,20,0,126,0.853284071,14221,624585,72,306,13,32,34,0,0.101307189,0.294117647,0.207407407,0.295081967,0.4,9,2,56,0.695081967,149,602,27,74,70,0,0.111295681,0.235880398,0.222868217,0.316498316,0.432170542,12,0,115,0.748668858
Jorge Soler,3,36,12,0,0,2022,MIA,ATL,30,3.6,8,661,0,149,602,27,74,70,0,0.111295681,0.235880398,0.222868217,0.316498316,0.432170542,12,0,115,0.748668858,14221,624585,162,679,48,95,117,3,0.107511045,0.26215022,0.264855687,0.353550295,0.568760611,16,1,156,0.922310906,162,679,48,95,117,3,0.107511045,0.26215022,0.264855687,0.353550295,0.568760611,16,1,156,0.922310906
Mitch Haniger,3,43.5,14.5,0,0,2023,SFG,SEA,32,4.4,6,564,0,57,247,11,31,34,0,0.080971659,0.263157894,0.245535714,0.307692307,0.428571428,7,0,55,0.736263735,14274,571745,157,691,39,110,100,1,0.078147612,0.244573082,0.253225806,0.31837916,0.48548387,12,0,157,0.80386303,63,283,15,46,32,4,0.106007067,0.286219081,0.219512195,0.314487632,0.463414634,3,0,54,0.777902266
Wilmer Difo,1,0.72,0.72,1,0,2023,NYY,ARI,31,-0.6,8,492,0,3,6,0,0,0,0,0,0.166666666,0,0,0,0,0,0,0,14320,594694,116,240,4,25,24,1,0.083333333,0.225,0.269406392,0.329166666,0.383561643,2,0,59,0.712728309,43,144,2,15,8,0,0.083333333,0.201388888,0.251908396,0.314685314,0.312977099,2,1,33,0.627662413
Pedro Severino,1,0.72,0.72,1,1,2023,SDP,MIL,29,1.9,8,370,0,8,21,0,0,1,0,0.142857142,0.333333333,0.222222222,0.333333333,0.333333333,0,0,4,0.666666666,14523,600474,113,419,11,32,46,0,0.081145584,0.260143198,0.248021108,0.307875894,0.382585751,9,0,94,0.690461645,96,341,13,37,44,3,0.085043988,0.214076246,0.249180327,0.320588235,0.419672131,5,1,76,0.740260366
Pedro Severino,1,1.9,1.9,0,1,2022,MIL,BAL,28,3,7,362,0,113,419,11,32,46,0,0.081145584,0.260143198,0.248021108,0.307875894,0.382585751,9,0,94,0.690461645,14523,600474,96,341,13,37,44,3,0.085043988,0.214076246,0.249180327,0.320588235,0.419672131,5,1,76,0.740260366,96,341,13,37,44,3,0.085043988,0.214076246,0.249180327,0.320588235,0.419672131,5,1,76,0.740260366
Franmil Reyes,1,2,2,0,0,2023,KCR,CHC,27,1.1,5,529,0,118,473,14,43,47,2,0.063424947,0.33192389,0.221461187,0.272727272,0.365296803,12,1,97,0.638024075,14566,614177,115,466,30,57,85,4,0.092274678,0.319742489,0.253588516,0.324034334,0.5215311,13,1,106,0.845565434,150,548,37,69,81,0,0.085766423,0.284671532,0.248987854,0.310218978,0.512145748,15,0,123,0.822364726
Brett Phillips,1,0.72,0.72,1,0,2024,CHW,LAA,30,2.1,7,393,0,40,71,3,9,6,3,0.112676056,0.507042253,0.174603174,0.267605633,0.333333333,0,1,11,0.600938966,14735,621433,83,225,5,22,15,7,0.071111111,0.417777777,0.144278606,0.21719457,0.248756218,0,0,29,0.465950788,119,292,13,50,44,14,0.113013698,0.386986301,0.205533596,0.3,0.42687747,3,3,52,0.72687747
Yu Chang,1,0.72,0.72,1,0,2023,BOS,BOS,27,0.6,4,196,1,69,190,4,19,15,0,0.084210526,0.310526315,0.208333333,0.289473684,0.31547619,5,1,35,0.604949874,14773,644374,89,251,9,32,39,1,0.043824701,0.274900398,0.227848101,0.26693227,0.426160337,4,0,54,0.693092607,28,84,1,8,6,0,0.13095238,0.261904761,0.178082191,0.285714285,0.273972602,4,0,13,0.559686887
Luke Voit,1,2,2,0,0,2023,MIL,WSN,32,2.6,6,486,0,135,568,22,55,69,1,0.096830985,0.315140845,0.226,0.308098591,0.402,9,1,113,0.710098591,14811,572228,68,241,11,26,35,0,0.087136929,0.307053941,0.239436619,0.327800829,0.436619718,12,0,51,0.764420547,118,510,21,72,62,0,0.139215686,0.278431372,0.263403263,0.378431372,0.463869463,12,0,113,0.842300835
Pat Valaika,1,0.72,0.72,1,0,2022,ATL,BAL,29,-1.9,6,373,0,91,281,5,17,25,1,0.056939501,0.270462633,0.2007722,0.25,0.289575289,4,1,52,0.539575289,14885,642162,40,86,1,11,4,0,0.081395348,0.395348837,0.189873417,0.255813953,0.316455696,1,0,15,0.572269649,40,86,1,11,4,0,0.081395348,0.395348837,0.189873417,0.255813953,0.316455696,1,0,15,0.572269649
Tony Kemp,1,0.72,0.72,1,0,2024,CIN,OAK,32,3.6,8,734,0,124,419,5,42,27,15,0.105011933,0.095465393,0.208913649,0.303398058,0.303621169,9,4,75,0.607019227,14894,643393,147,558,7,61,46,11,0.080645161,0.123655913,0.235412474,0.307414104,0.334004024,5,1,117,0.641418128,131,397,8,54,37,8,0.130982367,0.128463476,0.278787878,0.381679389,0.418181818,2,2,92,0.799861207
Johan Camargo,1,0.72,0.72,0,0,2023,KCR,PHI,29,-0.2,6,416,0,52,166,3,8,15,0,0.078313253,0.222891566,0.236842105,0.296969696,0.315789473,1,0,36,0.612759169,14950,622666,15,18,0,1,0,0,0.111111111,0.333333333,0,0.111111111,0,0,0,0,0.111111111,98,248,7,31,32,1,0.06048387,0.173387096,0.23275862,0.279352226,0.383620689,5,0,54,0.662972915
Johan Camargo,1,1.4,1.4,0,0,2022,PHI,ATL,28,-1.1,5,364,0,15,18,0,1,0,0,0.111111111,0.333333333,0,0.111111111,0,0,0,0,0.111111111,14950,622666,98,248,7,31,32,1,0.06048387,0.173387096,0.23275862,0.279352226,0.383620689,5,0,54,0.662972915,98,248,7,31,32,1,0.06048387,0.173387096,0.23275862,0.279352226,0.383620689,5,0,54,0.662972915
Victor Caratini,2,12,6,0,1,2024,HOU,MIL,30,1.1,7,519,0,62,226,7,23,25,1,0.084070796,0.199115044,0.258706467,0.327433628,0.383084577,8,1,52,0.710518205,14968,605170,96,314,9,26,34,0,0.098726114,0.213375796,0.198529411,0.300319488,0.341911764,11,0,54,0.642231252,116,356,7,33,39,2,0.098314606,0.230337078,0.22683706,0.308988764,0.322683706,13,0,71,0.63167247
Adam Engel,1,1,1,0,0,2023,SDP,CHW,31,2.2,6,523,0,119,260,2,32,17,12,0.042307692,0.292307692,0.224489795,0.269230769,0.310204081,2,4,55,0.57943485,15082,641553,39,140,7,21,18,7,0.078571428,0.221428571,0.25203252,0.335714285,0.495934959,4,1,31,0.831649244,89,248,6,26,26,3,0.056451612,0.314516129,0.242290748,0.303643724,0.383259911,5,3,55,0.686903635
Jonathan Davis,1,0.72,0.72,1,0,2024,MIA,MIA,32,-0.5,6,205,1,34,104,2,22,10,1,0.067307692,0.278846153,0.244444444,0.306930693,0.377777777,1,2,22,0.68470847,15104,641505,37,91,0,9,4,7,0.153846153,0.285714285,0.22368421,0.344444444,0.236842105,1,1,17,0.581286549,64,103,1,20,4,4,0.116504854,0.252427184,0.126436781,0.252427184,0.172413793,1,1,11,0.424840977
Mitch Garver,2,24,12,0,1,2024,SEA,TEX,33,4.5,7,450,0,87,344,19,45,50,0,0.127906976,0.238372093,0.27027027,0.37026239,0.5,6,0,80,0.87026239,15161,641598,54,215,10,23,24,1,0.106976744,0.246511627,0.207446808,0.297674418,0.404255319,3,1,39,0.701929737,68,243,13,29,34,1,0.127572016,0.292181069,0.256038647,0.358024691,0.516908212,4,1,53,0.874932903
Tim Anderson,1,5,5,0,0,2024,MIA,CHW,31,4.1,8,895,0,123,524,1,52,25,13,0.04961832,0.232824427,0.245436105,0.286259541,0.296146044,15,2,121,0.582405585,15172,641313,79,351,6,50,25,13,0.039886039,0.156695156,0.301204819,0.339031339,0.394578313,10,0,100,0.733609652,123,551,17,94,61,18,0.039927404,0.215970961,0.309297912,0.337568058,0.468690702,5,7,163,0.80625876
Chad Pinder,1,0.72,0.72,1,0,2023,CIN,OAK,31,-0.5,7,553,0,111,379,12,38,42,2,0.036939313,0.311345646,0.235457063,0.262599469,0.385041551,10,0,85,0.64764102,15191,640461,75,233,6,30,27,1,0.068669527,0.26609442,0.242990654,0.300429184,0.411214953,6,0,52,0.711644137,124,370,13,45,47,0,0.054054054,0.237837837,0.240469208,0.289972899,0.416422287,11,1,82,0.706395186
Adam Frazier,1,4.5,4.5,0,0,2024,KCR,BAL,32,6.4,8,962,0,141,455,13,59,60,11,0.07032967,0.149450549,0.240291262,0.3,0.395631067,4,4,99,0.695631067,15223,624428,156,602,3,61,42,11,0.07641196,0.121262458,0.238447319,0.301003344,0.310536044,15,6,129,0.611539388,155,639,5,83,43,10,0.07511737,0.10798122,0.305025996,0.367924528,0.410745233,10,5,176,0.778669761
Adam Frazier,1,8,8,0,0,2023,BAL,SEA,31,5.5,7,821,0,156,602,3,61,42,11,0.07641196,0.121262458,0.238447319,0.301003344,0.310536044,15,6,129,0.611539388,15223,624428,155,639,5,83,43,10,0.07511737,0.10798122,0.305025996,0.367924528,0.410745233,10,5,176,0.778669761,152,608,10,80,50,5,0.065789473,0.123355263,0.277978339,0.336092715,0.416967509,6,5,154,0.753060224
Garrett Cooper,1,1.5,1.5,0,0,2024,CHC,SDP,33,2,7,481,0,123,457,17,42,61,0,0.067833698,0.288840262,0.251184834,0.304157549,0.419431279,15,0,106,0.723588828,15279,643265,119,469,9,37,50,0,0.085287846,0.253731343,0.260869565,0.336886993,0.415458937,6,0,108,0.75234593,71,250,9,30,33,1,0.12,0.272,0.28372093,0.38,0.465116279,6,1,61,0.845116279
Kris Bryant,7,182,26,0,0,2022,COL,SFG,30,8.3,7,884,0,144,586,25,86,73,10,0.105802047,0.230375426,0.265107212,0.35324232,0.481481481,9,2,136,0.834723801,15429,592178,147,634,31,108,77,4,0.116719242,0.228706624,0.281767955,0.38170347,0.521178637,10,0,153,0.902882107,147,634,31,108,77,4,0.116719242,0.228706624,0.281767955,0.38170347,0.521178637,10,0,153,0.902882107
Hunter Renfroe,2,13,6.5,0,0,2024,KCR,CIN,32,4.4,8,841,0,140,548,20,60,60,0,0.08029197,0.228102189,0.232931726,0.297445255,0.41566265,15,0,116,0.713107905,15464,592669,125,522,29,62,72,1,0.074712643,0.231800766,0.255274261,0.315384615,0.491561181,11,1,121,0.806945796,144,572,31,89,96,1,0.076923076,0.227272727,0.259117082,0.314685314,0.500959692,6,2,135,0.815645006
Victor Reyes,1,0.72,0.72,1,0,2023,CHW,DET,28,0.7,5,394,0,92,336,3,27,34,2,0.038690476,0.229166666,0.253968253,0.288690476,0.361904761,7,2,80,0.650595237,15487,622682,76,220,5,26,22,5,0.036363636,0.25,0.258373205,0.284403669,0.416267942,2,1,54,0.700671611,69,292,3,29,25,9,0.047945205,0.219178082,0.304347826,0.335616438,0.43115942,5,3,84,0.766775858
Amed Rosario,1,1.5,1.5,0,0,2024,TBR,LAD,28,6.7,7,839,0,142,545,6,70,58,15,0.053211009,0.181651376,0.262745098,0.304587155,0.378431372,15,2,134,0.683018527,15518,642708,153,670,11,86,71,18,0.037313432,0.165671641,0.282574568,0.311940298,0.403453689,19,4,180,0.715393987,141,588,11,77,57,13,0.052721088,0.204081632,0.281818181,0.321428571,0.409090909,12,0,155,0.73051948
Aaron Judge,9,360,40,0,0,2023,NYY,NYY,31,17.7,7,729,1,157,696,62,133,131,16,0.159482758,0.251436781,0.310526315,0.424855491,0.685964912,14,3,177,1.110820403,15640,592450,148,633,39,89,98,6,0.118483412,0.249605055,0.287272727,0.372827804,0.543636363,16,1,158,0.916464167,102,447,27,75,55,3,0.143176733,0.315436241,0.272486772,0.381165919,0.539682539,11,2,103,0.920848458
Dominic Smith,1,0.72,0.72,1,0,2024,CHC,WSN,29,-0.2,7,600,0,153,586,12,57,46,1,0.080204778,0.155290102,0.254269449,0.325938566,0.366223908,12,1,134,0.692162474,15653,642086,58,152,0,11,17,0,0.078947368,0.243421052,0.19402985,0.276315789,0.283582089,0,0,26,0.559897878,145,493,11,43,58,2,0.064908722,0.227180527,0.244394618,0.304259634,0.363228699,13,1,109,0.667488333
Dominic Smith,1,2,2,0,0,2023,WSN,NYM,28,0.9,6,447,0,58,152,0,11,17,0,0.078947368,0.243421052,0.19402985,0.276315789,0.283582089,0,0,26,0.559897878,15653,642086,145,493,11,43,58,2,0.064908722,0.227180527,0.244394618,0.304259634,0.363228699,13,1,109,0.667488333,89,197,11,35,25,1,0.0964467,0.223350253,0.282485875,0.355329949,0.525423728,5,2,50,0.880753677
Jose Abreu,3,58.5,19.5,0,0,2023,HOU,CHW,36,10.2,9,1270,0,157,679,15,85,75,0,0.091310751,0.162002945,0.304492512,0.37849779,0.44592346,19,0,183,0.82442125,15676,547989,152,659,30,86,117,1,0.092564491,0.216995447,0.261484098,0.350531107,0.480565371,28,0,148,0.831096478,159,693,33,85,123,2,0.051948051,0.219336219,0.283911671,0.33044733,0.503154574,24,2,180,0.833601904
Rowdy Tellez,1,3.2,3.2,0,0,2024,PIT,MIL,29,-0.4,6,533,0,106,351,13,26,47,0,0.099715099,0.245014245,0.215434083,0.29059829,0.376205787,11,0,67,0.666804077,15679,642133,153,599,35,67,89,2,0.103505843,0.202003338,0.219281663,0.305509181,0.461247637,20,1,116,0.766756818,106,325,11,34,36,0,0.07076923,0.2,0.242424242,0.304615384,0.414141414,6,0,72,0.718756798
Aledmys Diaz,2,14.5,7.25,0,0,2023,OAK,HOU,32,2.7,7,582,0,92,327,12,35,38,1,0.055045871,0.16207951,0.24262295,0.287461773,0.403278688,7,1,74,0.690740461,15937,649557,84,319,8,28,45,0,0.050156739,0.194357366,0.258503401,0.31661442,0.404761904,7,1,76,0.721376324,69,247,9,36,40,2,0.105263157,0.113360323,0.271428571,0.356275303,0.466666666,10,0,57,0.822941969
Kean Wong,1,0.72,0.72,1,0,2022,LAA,LAA,27,-0.6,2,39,1,32,66,0,3,6,0,0.03030303,0.257575757,0.166666666,0.193548387,0.233333333,0,1,10,0.42688172,15994,642221,7,18,0,2,0,0,0,0.333333333,0.166666666,0.166666666,0.166666666,0,1,3,0.333333332,7,18,0,2,0,0,0,0.333333333,0.166666666,0.166666666,0.166666666,0,1,3,0.333333332
Cody Bellinger,3,80,26.66666667,0,0,2024,CHC,CHC,28,4.1,7,875,1,130,556,26,95,97,20,0.071942446,0.15647482,0.306613226,0.356115107,0.5250501,7,6,153,0.881165207,15998,641355,144,550,19,70,68,14,0.069090909,0.272727272,0.21031746,0.265454545,0.388888888,7,3,106,0.654343433,95,350,10,39,36,3,0.088571428,0.268571428,0.165079365,0.24,0.301587301,2,1,52,0.541587301
Cody Bellinger,1,17.5,17.5,0,0,2023,CHC,LAD,27,1.3,6,745,0,144,550,19,70,68,14,0.069090909,0.272727272,0.21031746,0.265454545,0.388888888,7,3,106,0.654343433,15998,641355,95,350,10,39,36,3,0.088571428,0.268571428,0.165079365,0.24,0.301587301,2,1,52,0.541587301,156,660,47,121,115,15,0.143939393,0.163636363,0.304659498,0.406060606,0.629032258,10,5,170,1.035092864
Mark Payton,1,0.72,0.72,1,0,2023,CHW,CHW,31,-0.6,3,40,1,8,25,0,3,1,0,0.16,0.16,0.142857142,0.28,0.142857142,0,0,3,0.422857142,16042,592622,24,24,0,2,0,0,0.083333333,0.291666666,0.181818181,0.25,0.181818181,0,0,4,0.431818181,NULL,NULL,NULL,NULL,NULL,NULL,NULL,NULL,NULL,NULL,NULL,NULL,NULL,NULL,NULL
Bradley Zimmer,1,0.72,0.72,0,0,2023,LAD,TOR,30,1.5,6,372,0,109,117,2,18,5,3,0.042735042,0.384615384,0.123809523,0.206896551,0.228571428,0,2,13,0.435467979,16221,605548,99,348,8,44,35,15,0.086206896,0.350574712,0.227424749,0.324712643,0.344481605,3,3,68,0.669194248,9,14,0,1,0,0,0.071428571,0.5,0,0.071428571,0,0,0,0,0.071428571
Trea Turner,11,300,27.27272727,0,0,2023,PHI,LAD,30,14.4,8,849,0,160,708,21,101,100,27,0.063559322,0.185028248,0.297546012,0.342776203,0.466257668,9,3,194,0.809033871,16252,607208,148,646,28,107,77,32,0.063467492,0.170278637,0.327731092,0.374613003,0.536134453,18,5,195,0.910747456,122,569,19,96,57,35,0.075571177,0.198594024,0.297504798,0.353251318,0.497120921,10,5,155,0.850372239
Michael Hermosillo,1,0.707,0.707,0,0,2022,CHC,CHC,27,0.1,4,72,1,16,38,3,5,7,0,0.026315789,0.315789473,0.194444444,0.236842105,0.5,3,0,7,0.736842105,16285,641684,18,46,0,7,3,2,0.108695652,0.413043478,0.138888888,0.304347826,0.222222222,1,0,5,0.526570048,18,46,0,7,3,2,0.108695652,0.413043478,0.138888888,0.304347826,0.222222222,1,0,5,0.526570048
Francisco Mejia,1,0.72,0.72,1,1,2024,TBR,TBR,28,2.1,7,355,1,50,160,5,22,19,0,0.0375,0.2375,0.226666666,0.257861635,0.4,2,1,34,0.657861635,16403,642336,93,299,6,32,31,0,0.023411371,0.217391304,0.242214532,0.264214046,0.380622837,6,0,70,0.644836883,84,277,6,31,35,0,0.061371841,0.176895306,0.26,0.322463768,0.416,4,0,65,0.738463768
Kyle Schwarber,4,79,19.75,0,0,2022,PHI,BOS,29,5.6,7,664,0,113,471,32,76,71,1,0.135881104,0.269639065,0.26566416,0.373673036,0.553884711,4,1,106,0.927557747,16478,656941,155,610,38,82,92,2,0.114754098,0.255737704,0.24952741,0.339344262,0.531190926,6,3,132,0.870535188,155,610,38,82,92,2,0.114754098,0.255737704,0.24952741,0.339344262,0.531190926,6,3,132,0.870535188
Matt Chapman,3,54,18,0,0,2024,SFG,TOR,31,11.5,7,868,0,140,581,17,66,54,4,0.106712564,0.283993115,0.239685658,0.330464716,0.424361493,4,2,122,0.754826209,16505,656305,155,621,27,83,76,2,0.109500805,0.273752012,0.228624535,0.323671497,0.433085501,7,2,123,0.756756998,151,622,27,75,72,3,0.128617363,0.324758842,0.209829867,0.313504823,0.402646502,6,2,111,0.716151325
Isiah Kiner-Falefa,2,15,7.5,0,0,2024,TOR,NYY,29,6.5,6,647,0,115,361,6,39,37,14,0.077562326,0.193905817,0.242331288,0.305555555,0.340490797,12,5,79,0.646046352,16512,643396,142,531,4,66,48,22,0.06591337,0.13559322,0.260869565,0.314393939,0.327122153,13,4,126,0.641516092,158,677,8,74,53,20,0.041358936,0.132939438,0.270866141,0.312130177,0.357480314,11,5,172,0.669610491
Brian O'Keefe,1,0.72,0.72,1,1,2023,SEA,SEA,29,0,1,2,1,2,4,0,0,0,0,0.25,0.5,0.333333333,0.5,0.333333333,0,0,1,0.833333333,16680,657247,NULL,NULL,NULL,NULL,NULL,NULL,NULL,NULL,NULL,NULL,NULL,NULL,NULL,NULL,NULL,NULL,NULL,NULL,NULL,NULL,NULL,NULL,NULL,NULL,NULL,NULL,NULL,NULL,NULL,NULL
Colin Moran,1,0.72,0.72,1,0,2023,SEA,CIN,30,0.3,7,502,0,42,128,5,11,23,0,0.125,0.234375,0.211009174,0.3046875,0.376146788,4,0,23,0.680834288,16909,592567,99,359,10,29,50,1,0.100278551,0.242339832,0.257861635,0.334261838,0.389937106,6,0,82,0.724198944,149,503,13,46,80,0,0.059642147,0.232604373,0.276824034,0.322067594,0.429184549,13,1,129,0.751252143
Colin Moran,1,1,1,0,0,2022,CIN,PIT,29,-0.6,6,460,0,99,359,10,29,50,1,0.100278551,0.242339832,0.257861635,0.334261838,0.389937106,6,0,82,0.724198944,16909,592567,149,503,13,46,80,0,0.059642147,0.232604373,0.276824034,0.322067594,0.429184549,13,1,129,0.751252143,149,503,13,46,80,0,0.059642147,0.232604373,0.276824034,0.322067594,0.429184549,13,1,129,0.751252143
Chad Wallach,1,0.72,0.72,1,1,2024,LAA,LAA,32,-0.8,7,155,1,65,172,7,18,15,0,0.075581395,0.331395348,0.197452229,0.258823529,0.375796178,5,1,31,0.634619707,17161,595453,12,40,1,3,4,0,0.1,0.225,0.142857142,0.23076923,0.257142857,1,0,5,0.487912087,23,66,0,2,6,0,0.045454545,0.484848484,0.2,0.242424242,0.266666666,1,0,12,0.509090908
Chad Wallach,1,0.72,0.72,1,1,2023,LAA,LAA,31,-0.7,6,90,1,12,40,1,3,4,0,0.1,0.225,0.142857142,0.23076923,0.257142857,1,0,5,0.487912087,17161,595453,23,66,0,2,6,0,0.045454545,0.484848484,0.2,0.242424242,0.266666666,1,0,12,0.509090908,19,54,1,4,3,0,0.111111111,0.222222222,0.25,0.333333333,0.375,0,0,12,0.708333333
Kevin Newman,1,0.946237,0.946237,0,0,2024,ARI,CIN,30,1.1,6,505,0,74,253,3,28,28,8,0.067193675,0.134387351,0.253333333,0.310756972,0.364444444,7,1,57,0.675201416,17696,621028,78,309,2,31,24,8,0.051779935,0.155339805,0.274305555,0.315960912,0.371527777,6,2,79,0.687488689,148,554,5,50,39,6,0.048736462,0.07400722,0.226305609,0.26459854,0.309477756,7,1,117,0.574076296
Andrew Benintendi,5,75,15,0,0,2023,CHW,NYY,28,5.6,7,745,0,126,521,5,54,51,8,0.099808061,0.147792706,0.303687635,0.373076923,0.399132321,7,3,140,0.772209244,17901,643217,134,538,17,63,73,8,0.066914498,0.180297397,0.275862068,0.324022346,0.442190669,2,9,136,0.766213015,138,615,13,72,68,10,0.095934959,0.227642276,0.266173752,0.343137254,0.430683918,6,3,144,0.773821172
Paul DeJong,1,1.75,1.75,0,0,2024,CHW,SFG,30,1.3,7,729,0,112,400,14,41,38,4,0.0525,0.3025,0.206989247,0.2575,0.354838709,10,4,77,0.612338709,18015,657557,77,237,6,19,25,3,0.088607594,0.333333333,0.157142857,0.244725738,0.285714285,2,2,33,0.530440023,113,402,19,44,45,4,0.087064676,0.256218905,0.196629213,0.283582089,0.390449438,6,1,70,0.674031527
Harrison Bader,1,10.5,10.5,0,0,2024,NYM,CIN,30,5.4,7,635,0,98,344,7,44,40,20,0.049418604,0.171511627,0.231974921,0.274052478,0.347962382,7,3,74,0.62201486,18030,664056,86,313,5,38,30,17,0.047923322,0.198083067,0.25,0.293929712,0.356164383,4,3,73,0.650094095,103,401,16,45,50,9,0.06733167,0.211970074,0.267029972,0.324189526,0.460490463,4,4,98,0.784679989
Brian Anderson,1,2,2,0,0,2024,SEA,MIL,31,2.2,7,627,0,96,361,9,38,40,1,0.099722991,0.299168975,0.226415094,0.310249307,0.367924528,10,3,72,0.678173835,18289,605119,98,383,8,43,28,1,0.096605744,0.263707571,0.221893491,0.31070496,0.346153846,7,0,75,0.656858806,67,264,7,24,28,5,0.098484848,0.246212121,0.248927038,0.337121212,0.377682403,4,0,58,0.714803615
Brian Anderson,1,3.5,3.5,0,0,2023,MIL,MIA,30,3.5,6,531,0,98,383,8,43,28,1,0.096605744,0.263707571,0.221893491,0.31070496,0.346153846,7,0,75,0.656858806,18289,605119,67,264,7,24,28,5,0.098484848,0.246212121,0.248927038,0.337121212,0.377682403,4,0,58,0.714803615,126,520,20,57,66,5,0.084615384,0.219230769,0.261437908,0.342307692,0.468409586,15,1,120,0.810717278
Dansby Swanson,7,177,25.28571429,0,0,2023,CHC,ATL,29,10.5,7,827,0,162,696,25,99,96,18,0.070402298,0.261494252,0.2765625,0.329022988,0.446875,12,7,177,0.775897988,18314,621020,160,653,27,78,88,9,0.079632465,0.255742725,0.248299319,0.311349693,0.448979591,7,3,146,0.760329284,127,545,17,77,65,10,0.093577981,0.227522935,0.250517598,0.325367647,0.422360248,7,5,121,0.747727895
Jermaine Palacios,1,0.72,0.72,1,0,2023,DET,DET,26,-0.6,1,30,1,30,77,2,8,6,0,0.051948051,0.35064935,0.142857142,0.184210526,0.228571428,2,0,10,0.412781954,18371,650339,NULL,NULL,NULL,NULL,NULL,NULL,NULL,NULL,NULL,NULL,NULL,NULL,NULL,NULL,NULL,NULL,NULL,NULL,NULL,NULL,NULL,NULL,NULL,NULL,NULL,NULL,NULL,NULL,NULL,NULL
Travis Blankenhorn,1,0.72,0.72,1,0,2024,WSN,WSN,27,-0.4,4,36,1,10,37,1,2,1,0,0.162162162,0.162162162,0.161290322,0.297297297,0.258064516,0,0,5,0.555361813,18395,663905,1,3,0,0,0,0,0,0.333333333,0,0,0,0,0,0,0,24,24,1,4,4,0,0.041666666,0.333333333,0.173913043,0.208333333,0.391304347,0,0,4,0.59963768
P.J. Higgins,1,0.72,0.72,1,0,2022,CHC,CHC,29,-0.4,1,9,1,9,25,0,1,0,0,0.08,0.32,0.04347826,0.12,0.04347826,2,0,1,0.16347826,18433,664731,NULL,NULL,NULL,NULL,NULL,NULL,NULL,NULL,NULL,NULL,NULL,NULL,NULL,NULL,NULL,NULL,NULL,NULL,NULL,NULL,NULL,NULL,NULL,NULL,NULL,NULL,NULL,NULL,NULL,NULL
Brendon Davis,1,0.72,0.72,1,0,2023,DET,DET,25,-0.1,1,3,1,3,11,0,2,0,1,0.09090909,0.272727272,0.2,0.272727272,0.2,0,0,2,0.472727272,18587,663478,NULL,NULL,NULL,NULL,NULL,NULL,NULL,NULL,NULL,NULL,NULL,NULL,NULL,NULL,NULL,NULL,NULL,NULL,NULL,NULL,NULL,NULL,NULL,NULL,NULL,NULL,NULL,NULL,NULL,NULL
Jared Walsh,1,0.72,0.72,1,0,2024,TEX,LAA,30,1.2,5,364,0,39,116,4,10,11,0,0.094827586,0.387931034,0.125,0.215517241,0.278846153,1,0,13,0.494363394,18607,665120,118,454,15,41,44,2,0.059471365,0.303964757,0.215130023,0.268722466,0.373522458,6,1,91,0.642244924,144,585,29,70,98,2,0.082051282,0.259829059,0.27735849,0.34017094,0.509433962,7,1,147,0.849604902
Yohel Pozo,1,0.72,0.72,0,0,2022,TEX,TEX,25,-0.1,1,21,1,21,77,1,8,9,0,0.038961038,0.129870129,0.283783783,0.311688311,0.378378378,1,0,21,0.690066689,18848,650968,NULL,NULL,NULL,NULL,NULL,NULL,NULL,NULL,NULL,NULL,NULL,NULL,NULL,NULL,NULL,NULL,NULL,NULL,NULL,NULL,NULL,NULL,NULL,NULL,NULL,NULL,NULL,NULL,NULL,NULL
Yuli Gurriel,1,1.25,1.25,0,0,2023,MIA,HOU,39,3.4,7,801,0,146,584,8,53,53,8,0.051369863,0.125,0.242201834,0.287671232,0.359633027,13,0,132,0.647304259,19198,493329,143,605,15,83,81,1,0.097520661,0.112396694,0.318867924,0.383471074,0.46226415,16,1,169,0.845735224,144,612,31,85,104,5,0.060457516,0.10620915,0.29787234,0.343137254,0.540780141,12,3,168,0.883917395
Lourdes Gurriel Jr.,3,42,14,0,0,2024,ARI,ARI,30,7.8,6,613,1,145,592,24,65,82,5,0.055743243,0.173986486,0.261343012,0.309121621,0.462794918,20,0,144,0.771916539,19238,666971,121,493,5,52,52,3,0.062880324,0.168356997,0.291390728,0.343495934,0.399558498,11,4,132,0.743054432,141,541,21,62,84,1,0.059149722,0.188539741,0.276,0.318518518,0.466,8,3,138,0.784518518
Garrett Hampson,1,2,2,0,0,2024,KCR,MIA,29,0.8,6,517,0,98,252,3,30,23,5,0.091269841,0.265873015,0.276018099,0.34939759,0.380090497,3,0,61,0.729488087,19262,641658,90,226,2,29,15,12,0.092920353,0.278761061,0.211055276,0.286995515,0.306532663,3,2,42,0.593528178,147,494,11,69,33,17,0.066801619,0.238866396,0.233995584,0.289205702,0.379690949,6,7,106,0.668896651
Garrett Hampson,1,0.72,0.72,1,1,2023,MIA,COL,28,-0.3,5,419,0,90,226,2,29,15,12,0.092920353,0.278761061,0.211055276,0.286995515,0.306532663,3,2,42,0.593528178,19262,641658,147,494,11,69,33,17,0.066801619,0.238866396,0.233995584,0.289205702,0.379690949,6,7,106,0.668896651,105,327,8,40,27,15,0.073394495,0.269113149,0.247491638,0.301538461,0.384615384,2,3,74,0.686153845
Nick Senzel,1,2,2,0,0,2024,WSN,CIN,29,-1.5,5,377,0,104,330,13,49,42,6,0.078787878,0.224242424,0.235880398,0.296969696,0.398671096,9,2,71,0.695640792,19293,669222,110,420,5,45,25,8,0.071428571,0.18095238,0.230563002,0.29584352,0.305630026,7,5,86,0.601473546,36,124,1,18,8,2,0.096774193,0.129032258,0.252252252,0.322580645,0.315315315,3,5,28,0.63789596
Donovan Walton,1,0.72,0.72,1,0,2023,SFG,SFG,29,-0.3,4,61,1,25,78,1,9,8,0,0.012820512,0.205128205,0.157894736,0.179487179,0.302631578,1,0,12,0.482118757,19314,622268,24,69,2,6,7,1,0.057971014,0.217391304,0.206349206,0.253731343,0.365079365,1,0,13,0.618810708,7,19,0,2,2,0,0.157894736,0.263157894,0.1875,0.315789473,0.1875,0,1,3,0.503289473
Shohei Ohtani,10,700,70,0,0,2024,LAD,LAA,29,28.4,6,701,0,135,599,44,102,95,20,0.151919866,0.238731218,0.303822937,0.412457912,0.653923541,9,6,151,1.066381453,19755,660271,157,666,34,90,95,11,0.108108108,0.241741741,0.273037542,0.355855855,0.518771331,6,9,160,0.874627186,158,639,46,103,100,26,0.150234741,0.295774647,0.25698324,0.372456964,0.59217877,7,10,138,0.964635734
Chuckie Robinson,1,0.72,0.72,1,1,2023,CIN,CIN,28,-0.5,1,25,1,25,60,2,3,5,0,0,0.283333333,0.13559322,0.13559322,0.27118644,5,0,8,0.40677966,19824,642020,NULL,NULL,NULL,NULL,NULL,NULL,NULL,NULL,NULL,NULL,NULL,NULL,NULL,NULL,NULL,NULL,NULL,NULL,NULL,NULL,NULL,NULL,NULL,NULL,NULL,NULL,NULL,NULL,NULL,NULL
Luke Williams,1,0.72,0.72,1,0,2024,ATL,ATL,27,-0.4,3,148,1,11,19,0,1,0,4,0,0.368421052,0.052631578,0.052631578,0.052631578,0,0,1,0.105263156,19931,663897,79,136,1,21,6,11,0.06617647,0.323529411,0.236220472,0.286764705,0.314960629,1,4,30,0.601725334,58,108,1,8,6,2,0.092592592,0.212962962,0.244897959,0.314814814,0.31632653,2,2,24,0.631141344
Luke Williams,1,0.72,0.72,1,0,2023,LAD,LAD,26,-0.1,2,137,1,79,136,1,21,6,11,0.06617647,0.323529411,0.236220472,0.286764705,0.314960629,1,4,30,0.601725334,19931,663897,58,108,1,8,6,2,0.092592592,0.212962962,0.244897959,0.314814814,0.31632653,2,2,24,0.631141344,NULL,NULL,NULL,NULL,NULL,NULL,NULL,NULL,NULL,NULL,NULL,NULL,NULL,NULL,NULL
Logan Porter,1,0.72,0.72,1,1,2024,KCR,KCR,28,0,1,11,1,11,38,1,4,3,0,0.131578947,0.289473684,0.193548387,0.324324324,0.322580645,2,0,6,0.646904969,20626,682515,NULL,NULL,NULL,NULL,NULL,NULL,NULL,NULL,NULL,NULL,NULL,NULL,NULL,NULL,NULL,NULL,NULL,NULL,NULL,NULL,NULL,NULL,NULL,NULL,NULL,NULL,NULL,NULL,NULL,NULL
Carlos Perez,1,0.75,0.75,1,1,2024,OAK,OAK,33,0.5,5,278,1,27,53,1,5,3,0,0.075471698,0.207547169,0.204081632,0.264150943,0.346938775,2,0,10,0.611089718,20805,656024,7,18,0,0,2,0,0,0.111111111,0.222222222,0.222222222,0.333333333,1,0,4,0.555555555,NULL,NULL,NULL,NULL,NULL,NULL,NULL,NULL,NULL,NULL,NULL,NULL,NULL,NULL,NULL
Michael Papierski,1,0.72,0.72,1,1,2023,DET,DET,27,-0.6,1,39,1,39,103,1,7,4,0,0.097087378,0.252427184,0.142857142,0.227722772,0.186813186,4,0,13,0.414535958,21386,657709,NULL,NULL,NULL,NULL,NULL,NULL,NULL,NULL,NULL,NULL,NULL,NULL,NULL,NULL,NULL,NULL,NULL,NULL,NULL,NULL,NULL,NULL,NULL,NULL,NULL,NULL,NULL,NULL,NULL,NULL
Chandler Seagle,1,0.72,0.72,1,1,2024,SDP,SDP,28,0,1,1,1,1,1,0,0,0,0,0,0,0,0,0,0,0,0,0,23552,676882,NULL,NULL,NULL,NULL,NULL,NULL,NULL,NULL,NULL,NULL,NULL,NULL,NULL,NULL,NULL,NULL,NULL,NULL,NULL,NULL,NULL,NULL,NULL,NULL,NULL,NULL,NULL,NULL,NULL,NULL
Vinny Capra,1,0.72,0.72,1,0,2023,TOR,TOR,26,0.1,1,8,1,8,7,0,2,0,0,0.285714285,0.142857142,0.2,0.428571428,0.2,0,0,1,0.628571428,25040,681962,NULL,NULL,NULL,NULL,NULL,NULL,NULL,NULL,NULL,NULL,NULL,NULL,NULL,NULL,NULL,NULL,NULL,NULL,NULL,NULL,NULL,NULL,NULL,NULL,NULL,NULL,NULL,NULL,NULL,NULL
Yoshi Tsutsugo,1,4,4,0,0,2022,PIT,PIT,30,-0.4,2,132,1,81,262,8,27,32,0,0.110687022,0.27480916,0.217391304,0.306513409,0.382608695,3,1,50,0.689122104,27459,660294,NULL,NULL,NULL,NULL,NULL,NULL,NULL,NULL,NULL,NULL,NULL,NULL,NULL,NULL,NULL,NULL,NULL,NULL,NULL,NULL,NULL,NULL,NULL,NULL,NULL,NULL,NULL,NULL,NULL,NULL
Rhys Hoskins,2,34,17,0,0,2024,MIL,PHI,31,5,6,667,0,NULL,NULL,NULL,NULL,NULL,NULL,NULL,NULL,NULL,NULL,NULL,NULL,NULL,NULL,NULL,NULL,NULL,NULL,NULL,NULL,NULL,NULL,NULL,NULL,NULL,NULL,NULL,NULL,NULL,NULL,NULL,NULL,NULL,NULL,NULL,NULL,NULL,NULL,NULL,NULL,NULL,NULL,NULL,NULL,NULL,NULL,NULL
Jiman Choi,1,3.5,3.5,1,0,2024,NYM,SDP,33,1.7,8,525,0,NULL,NULL,NULL,NULL,NULL,NULL,NULL,NULL,NULL,NULL,NULL,NULL,NULL,NULL,NULL,NULL,NULL,NULL,NULL,NULL,NULL,NULL,NULL,NULL,NULL,NULL,NULL,NULL,NULL,NULL,NULL,NULL,NULL,NULL,NULL,NULL,NULL,NULL,NULL,NULL,NULL,NULL,NULL,NULL,NULL,NULL,NULL
Jake Bauers,1,0.72,0.72,1,0,2023,NYY,NYY,27,-0.2,3,328,1,NULL,NULL,NULL,NULL,NULL,NULL,NULL,NULL,NULL,NULL,NULL,NULL,NULL,NULL,NULL,NULL,NULL,NULL,NULL,NULL,NULL,NULL,NULL,NULL,NULL,NULL,NULL,NULL,NULL,NULL,NULL,NULL,NULL,NULL,NULL,NULL,NULL,NULL,NULL,NULL,NULL,NULL,NULL,NULL,NULL,NULL,NULL
Yolmer Sanchez,1,0.72,0.72,1,0,2022,BOS,ATL,30,1.7,7,657,0,NULL,NULL,NULL,NULL,NULL,NULL,NULL,NULL,NULL,NULL,NULL,NULL,NULL,NULL,NULL,NULL,NULL,NULL,NULL,NULL,NULL,NULL,NULL,NULL,NULL,NULL,NULL,NULL,NULL,NULL,NULL,NULL,NULL,NULL,NULL,NULL,NULL,NULL,NULL,NULL,NULL,NULL,NULL,NULL,NULL,NULL,NULL
Albert Almora,1,0.72,0.72,1,0,2022,CIN,NYM,28,-1.6,6,536,0,NULL,NULL,NULL,NULL,NULL,NULL,NULL,NULL,NULL,NULL,NULL,NULL,NULL,NULL,NULL,NULL,NULL,NULL,NULL,NULL,NULL,NULL,NULL,NULL,NULL,NULL,NULL,NULL,NULL,NULL,NULL,NULL,NULL,NULL,NULL,NULL,NULL,NULL,NULL,NULL,NULL,NULL,NULL,NULL,NULL,NULL,NULL
Tim Beckham,1,0.72,0.72,0,0,2022,MIN,CHW,32,0.4,6,472,0,NULL,NULL,NULL,NULL,NULL,NULL,NULL,NULL,NULL,NULL,NULL,NULL,NULL,NULL,NULL,NULL,NULL,NULL,NULL,NULL,NULL,NULL,NULL,NULL,NULL,NULL,NULL,NULL,NULL,NULL,NULL,NULL,NULL,NULL,NULL,NULL,NULL,NULL,NULL,NULL,NULL,NULL,NULL,NULL,NULL,NULL,NULL
